concept:name,time:timestamp,qty_completed,qty_rejected
Round Grinding - Machine 3,1970-01-12 21:04:38.633602+00:00,17,0
Turning & Milling Q.C.,1970-01-17 20:10:36.465281+00:00,25,0
Laser Marking - Machine 7,1970-01-17 20:49:32.050094+00:00,16,0
Turning & Milling - Machine 5,1970-01-13 00:41:21.569214+00:00,32,1
Final Inspection Q.C.,1970-01-16 14:22:32.173950+00:00,24,0
Final Inspection Q.C.,1970-01-18 00:14:34.097194+00:00,14,0
Final Inspection Q.C.,1970-01-28 04:19:14.630362+00:00,24,0
Turning Q.C.,1970-02-07 03:38:12.938995+00:00,20,0
Turn & Mill. & Screw Assem - Machine 10,1970-02-08 16:34:07.748788+00:00,25,0
Turning & Milling Q.C.,1970-02-09 03:04:44.367316+00:00,15,0
Wire Cut - Machine 13,1970-02-09 17:31:55.053481+00:00,16,0
Wire Cut - Machine 13,1970-02-13 16:42:11.056973+00:00,22,0
Wire Cut - Machine 13,1970-02-14 20:38:59.636855+00:00,27,0
Wire Cut - Machine 13,1970-02-16 05:54:23.979052+00:00,20,0
Wire Cut - Machine 13,1970-02-17 15:16:31.559929+00:00,20,0
Wire Cut - Machine 13,1970-02-17 19:08:45.891553+00:00,19,0
Wire Cut - Machine 13,1970-02-19 02:16:59.074439+00:00,13,0
Wire Cut - Machine 13,1970-02-22 02:50:04.940214+00:00,18,0
Wire Cut - Machine 13,1970-02-23 17:42:08.233620+00:00,19,0
Wire Cut - Machine 13,1970-02-24 04:49:25.329823+00:00,23,0
Wire Cut - Machine 13,1970-02-26 04:53:47.562453+00:00,12,0
Wire Cut - Machine 13,1970-02-28 15:48:41.485112+00:00,26,0
Wire Cut - Machine 13,1970-03-01 11:00:38.543460+00:00,13,0
Wire Cut - Machine 13,1970-03-12 15:05:58.379023+00:00,18,0
Turning & Milling - Machine 5,1970-03-13 00:07:47.142774+00:00,11,0
Turning & Milling - Machine 8,1970-03-13 03:17:21.626136+00:00,27,0
Turning Q.C.,1970-03-16 04:36:01.726153+00:00,21,0
Laser Marking - Machine 7,1970-03-18 08:02:26.281689+00:00,24,0
Turning & Milling - Machine 5,1970-03-18 14:18:54.269872+00:00,19,0
Round Grinding - Machine 3,1970-03-20 06:22:09.598183+00:00,16,0
Final Inspection Q.C.,1970-03-23 00:46:06.588823+00:00,30,0
Final Inspection Q.C.,1970-03-27 05:17:00.478617+00:00,28,0
Final Inspection Q.C.,1970-03-28 13:07:55.123950+00:00,19,0
Turning - Machine 8,1970-03-29 16:10:22.609828+00:00,23,0
Packing,1970-04-01 05:40:39.827469+00:00,20,0
Turning - Machine 8,1970-01-14 11:10:29.224923+00:00,20,0
Turning & Milling - Machine 5,1970-01-14 14:48:21.634650+00:00,24,0
Laser Marking - Machine 7,1970-01-16 02:40:18.201474+00:00,25,0
Lapping - Machine 1,1970-01-20 14:23:00.201883+00:00,18,0
Lapping - Machine 1,1970-01-23 09:18:12.887941+00:00,25,0
Lapping - Machine 1,1970-01-25 21:31:04.035173+00:00,19,0
Lapping - Machine 1,1970-01-28 09:40:18.544816+00:00,25,0
Round Grinding - Machine 3,1970-01-28 12:06:35.032592+00:00,19,0
Packing,1970-01-28 16:30:55.954186+00:00,21,0
Laser Marking - Machine 7,1970-01-29 09:07:25.320586+00:00,22,0
Turning & Milling - Machine 5,1970-01-30 04:11:26.640263+00:00,21,0
Turning & Milling - Machine 6,1970-01-31 03:22:25.386886+00:00,22,0
Final Inspection Q.C.,1970-01-31 07:25:18.623680+00:00,21,0
Turning & Milling - Machine 8,1970-01-31 22:24:49.118575+00:00,20,0
Turning Q.C.,1970-02-01 20:21:16.991242+00:00,30,0
Final Inspection Q.C.,1970-02-02 05:27:09.519741+00:00,27,0
Milling - Machine 10,1970-01-13 15:09:06.785714+00:00,23,0
Turning & Milling - Machine 6,1970-01-14 04:55:52.638943+00:00,18,0
Turning & Milling - Machine 8,1970-01-14 10:49:09.673034+00:00,21,0
Turning & Milling - Machine 6,1970-01-15 10:37:04.641080+00:00,12,0
Lapping - Machine 1,1970-01-20 14:23:00.201883+00:00,28,0
Turning & Milling Q.C.,1970-01-29 13:01:03.354661+00:00,25,0
Lapping - Machine 1,1970-02-19 09:38:59.017516+00:00,20,0
Turning & Milling Q.C.,1970-02-23 15:38:32.354128+00:00,21,0
Turning & Milling - Machine 10,1970-02-23 21:46:10.735088+00:00,23,0
Packing,1970-03-01 02:17:31.838075+00:00,18,0
Turning & Milling Q.C.,1970-03-04 23:05:24.804265+00:00,22,0
Turning & Milling Q.C.,1970-03-09 19:04:48.422462+00:00,27,0
Turning & Milling Q.C.,1970-03-10 00:17:26.939042+00:00,19,0
Turning & Milling Q.C.,1970-03-21 14:23:46.673276+00:00,22,0
Round Grinding - Manual,1970-01-15 09:00:47.248112+00:00,18,0
Round Grinding - Machine 2,1970-01-15 18:32:06.338440+00:00,25,0
Round Grinding - Machine 2,1970-01-15 20:04:04.290286+00:00,21,0
Round Grinding - Machine 2,1970-01-15 22:36:42.016246+00:00,19,0
Round Grinding - Machine 2,1970-01-16 06:49:26.715383+00:00,27,0
Round Grinding - Machine 2,1970-01-16 19:10:02.276393+00:00,24,0
Round Grinding - Machine 2,1970-01-17 12:31:07.796843+00:00,14,0
Round Grinding - Machine 2,1970-01-19 01:10:07.550973+00:00,19,0
Round Grinding - Machine 2,1970-01-19 01:55:31.955221+00:00,24,0
Round Grinding - Machine 2,1970-01-19 16:51:16.364453+00:00,23,0
Round Grinding - Machine 3,1970-01-23 19:27:03.943660+00:00,21,0
Turning & Milling Q.C.,1970-01-26 13:54:20.170268+00:00,17,0
Laser Marking - Machine 7,1970-01-26 15:02:46.382989+00:00,17,0
Turning & Milling - Machine 8,1970-01-27 16:24:55.504781+00:00,22,0
Turning Q.C.,1970-02-07 03:38:12.938995+00:00,22,0
Turning & Milling Q.C.,1970-02-07 21:48:15.907254+00:00,15,0
Turning & Milling Q.C.,1970-02-09 09:13:55.044940+00:00,23,0
Turning & Milling Q.C.,1970-02-10 07:26:54.467161+00:00,18,0
Round Grinding - Machine 2,1970-02-10 07:57:25.614885+00:00,22,0
Round Grinding - Machine 2,1970-02-11 00:08:09.261284+00:00,20,0
Round Grinding - Machine 2,1970-02-11 22:00:37.627571+00:00,14,0
Round Grinding - Machine 2,1970-02-12 02:36:35.800965+00:00,22,0
Round Grinding - Machine 2,1970-02-13 03:03:40.731769+00:00,16,0
Round Grinding - Machine 2,1970-02-13 07:09:24.521694+00:00,16,0
Turning Q.C.,1970-02-14 17:31:12.687850+00:00,15,0
Turning & Milling Q.C.,1970-02-17 11:57:59.040738+00:00,18,0
Turning & Milling Q.C.,1970-02-19 15:54:22.064278+00:00,11,0
Turning & Milling Q.C.,1970-02-20 11:18:50.522366+00:00,19,0
Round Grinding - Machine 3,1970-01-14 14:33:12.851905+00:00,18,0
Final Inspection Q.C.,1970-01-16 14:22:32.173950+00:00,25,0
Flat Grinding - Machine 11,1970-01-18 03:48:58.029580+00:00,23,0
Final Inspection Q.C.,1970-02-03 16:01:48.178165+00:00,16,0
Final Inspection Q.C.,1970-02-05 21:08:12.170076+00:00,15,0
Final Inspection Q.C.,1970-02-06 20:27:58.004769+00:00,10,0
Turning & Milling Q.C.,1970-01-17 20:10:36.465281+00:00,17,0
Turning - Machine 8,1970-01-19 23:31:45.888234+00:00,19,0
Round Grinding - Machine 3,1970-01-23 06:12:11.191282+00:00,14,0
Turning & Milling Q.C.,1970-01-24 12:34:14.852759+00:00,22,0
Round Grinding - Q.C.,1970-01-26 10:24:08.707939+00:00,24,0
Turning & Milling Q.C.,1970-01-29 19:38:12.198326+00:00,18,0
Turning & Milling Q.C.,1970-01-29 23:38:59.879649+00:00,29,0
Turning & Milling Q.C.,1970-02-02 00:46:50.388191+00:00,15,0
Turning & Milling Q.C.,1970-02-02 17:43:02.987453+00:00,16,0
Turning & Milling Q.C.,1970-02-04 20:46:00.164988+00:00,18,0
Turning & Milling Q.C.,1970-01-17 20:10:36.465281+00:00,18,0
Turning & Milling - Machine 8,1970-01-17 22:31:52.196448+00:00,21,0
Round Grinding - Machine 23,1970-02-26 09:21:49.219074+00:00,20,0
Packing,1970-02-28 23:35:56.319442+00:00,13,0
Lapping - Machine 1,1970-03-01 20:48:57.223999+00:00,21,0
Laser Marking - Machine 7,1970-03-02 06:20:23.861429+00:00,25,0
Round Grinding - Manual,1970-03-02 15:37:46.015398+00:00,18,0
Round Grinding - Machine 2,1970-03-03 03:22:34.183920+00:00,17,0
Final Inspection Q.C.,1970-01-18 01:54:31.153285+00:00,18,0
Final Inspection Q.C.,1970-01-20 11:00:41.948413+00:00,29,0
Turning & Milling Q.C.,1970-01-17 20:10:36.465281+00:00,24,0
Turning & Milling - Machine 5,1970-01-18 03:35:22.815800+00:00,20,0
Round Grinding - Machine 3,1970-01-18 04:40:21.920278+00:00,22,0
Final Inspection Q.C.,1970-01-18 09:44:44.637850+00:00,19,0
Round Grinding - Machine 3,1970-01-20 09:36:26.556942+00:00,22,0
Final Inspection Q.C.,1970-01-21 05:23:02.594812+00:00,11,0
Round Grinding - Machine 3,1970-01-23 07:02:12.544076+00:00,17,0
Grinding Rework - Machine 27,1970-01-25 08:03:56.119085+00:00,22,0
Lapping - Machine 1,1970-01-26 16:36:42.269517+00:00,19,0
Lapping - Machine 1,1970-01-27 05:15:50.610523+00:00,22,0
Final Inspection Q.C.,1970-01-28 22:44:44.679970+00:00,21,0
Final Inspection Q.C.,1970-01-30 01:05:24.631389+00:00,23,0
Round Grinding - Manual,1970-01-31 07:21:28.569153+00:00,13,0
Round Grinding - Machine 2,1970-02-01 04:01:52.351374+00:00,26,0
Turning & Milling - Machine 5,1970-02-02 07:55:17.668013+00:00,18,0
Round Grinding - Machine 12,1970-01-17 12:00:35.808179+00:00,26,0
Round Grinding - Machine 12,1970-01-17 18:24:30.452681+00:00,20,0
Round Grinding - Machine 12,1970-01-18 04:13:29.380379+00:00,18,0
Round Grinding - Machine 12,1970-01-19 05:05:11.155929+00:00,18,0
Round Grinding - Machine 3,1970-01-22 01:49:13.421077+00:00,18,0
Turning & Milling Q.C.,1970-01-18 13:55:26.247971+00:00,24,0
Round Grinding - Machine 3,1970-01-19 03:24:34.768700+00:00,19,0
Turning & Milling Q.C.,1970-01-19 10:31:03.114030+00:00,18,0
Round Grinding - Machine 3,1970-01-19 12:49:56.959503+00:00,25,0
Turning & Milling Q.C.,1970-01-25 04:17:58.803940+00:00,25,0
Lapping - Machine 1,1970-01-31 04:00:42.212402+00:00,22,0
Turning & Milling - Machine 10,1970-02-01 00:29:35.131176+00:00,22,0
Lapping - Machine 1,1970-02-03 09:00:27.270658+00:00,24,0
Packing,1970-02-04 07:28:56.994634+00:00,17,0
Turning & Milling Q.C.,1970-01-18 21:44:03.311244+00:00,18,0
Final Inspection Q.C.,1970-01-21 09:44:34.813760+00:00,13,0
Turning & Milling Q.C.,1970-01-21 12:12:59.589203+00:00,24,0
Turning & Milling Q.C.,1970-01-24 17:35:26.065916+00:00,23,0
Turning & Milling Q.C.,1970-01-24 23:03:28.007105+00:00,20,0
Turning & Milling - Machine 6,1970-01-25 08:51:01.965513+00:00,17,0
Round Grinding - Q.C.,1970-01-26 10:24:08.707939+00:00,27,0
Round Grinding - Q.C.,1970-01-29 15:31:50.852210+00:00,20,0
Round Grinding - Q.C.,1970-02-05 16:14:17.475497+00:00,12,0
Round Grinding - Q.C.,1970-02-09 04:13:02.435840+00:00,25,0
Final Inspection Q.C.,1970-02-14 15:23:40.926641+00:00,23,0
Turning & Milling - Machine 6,1970-02-14 20:15:49.195782+00:00,22,0
Round Grinding - Q.C.,1970-02-17 07:41:23.704189+00:00,19,0
Final Inspection Q.C.,1970-02-17 17:48:25.088146+00:00,20,0
Turning & Milling - Machine 5,1970-02-17 21:37:10.597882+00:00,18,0
Flat Grinding - Machine 11,1970-02-19 00:45:43.857233+00:00,21,0
Turning & Milling - Machine 6,1970-02-19 05:20:57.943759+00:00,22,0
Round Grinding - Q.C.,1970-02-23 10:01:06.336753+00:00,18,0
Turning & Milling - Machine 8,1970-02-23 13:05:02.651196+00:00,21,0
Final Inspection Q.C.,1970-02-24 23:03:06.372333+00:00,20,0
Round Grinding - Machine 2,1970-02-25 02:12:51.283655+00:00,21,0
Milling - Machine 8,1970-01-17 13:43:56.071429+00:00,16,0
Turning & Milling Q.C.,1970-01-20 19:11:17.855575+00:00,20,0
Lapping - Machine 1,1970-01-23 00:41:31.958883+00:00,22,0
Packing,1970-02-01 22:30:05.508827+00:00,11,0
Turning & Milling Q.C.,1970-02-04 12:39:02.908193+00:00,26,0
Turning & Milling Q.C.,1970-02-10 04:29:42.714249+00:00,18,0
Final Inspection Q.C.,1970-02-15 20:37:29.307324+00:00,15,0
Round Grinding - Machine 3,1970-02-16 02:20:19.148167+00:00,28,0
Turning & Milling Q.C.,1970-02-19 14:34:00.118131+00:00,17,0
Turning & Milling - Machine 8,1970-02-20 05:04:25.286781+00:00,19,0
Turning & Milling - Machine 5,1970-02-20 21:59:04.923581+00:00,17,0
Turning & Milling - Machine 6,1970-02-20 22:27:05.721353+00:00,17,0
Lapping - Machine 1,1970-03-02 07:56:12.680552+00:00,27,0
Turning & Milling Q.C.,1970-03-04 05:54:38.670270+00:00,23,0
Lapping - Machine 1,1970-03-06 12:22:06.065107+00:00,21,0
Turning & Milling - Machine 4,1970-03-06 18:09:17.792462+00:00,18,0
Turning & Milling - Machine 4,1970-03-06 22:50:48.194383+00:00,19,0
Turning & Milling - Machine 4,1970-03-07 08:47:39.264134+00:00,15,0
Turning & Milling - Machine 4,1970-03-07 12:16:56.621267+00:00,21,0
Turning & Milling - Machine 4,1970-03-07 14:09:52.932687+00:00,19,0
Turning & Milling Q.C.,1970-01-18 02:16:33.584271+00:00,19,0
Turning & Milling - Machine 5,1970-01-18 17:51:42.771950+00:00,26,0
Turning & Milling Q.C.,1970-01-20 10:23:00.095816+00:00,19,0
Turning & Milling Q.C.,1970-01-25 01:03:54.898504+00:00,26,0
Turning & Milling Q.C.,1970-01-27 09:09:51.356894+00:00,22,0
Turning & Milling - Machine 6,1970-01-19 15:29:20.466055+00:00,19,0
Round Grinding - Manual,1970-01-21 04:56:15.916621+00:00,21,0
Round Grinding - Q.C.,1970-01-23 08:15:45.552182+00:00,23,0
Final Inspection Q.C.,1970-01-26 09:11:25.318993+00:00,13,0
Turn & Mill. & Screw Assem - Machine 10,1970-02-04 09:35:53.587059+00:00,21,0
Round Grinding - Q.C.,1970-02-07 09:42:09.063702+00:00,19,0
Turning & Milling Q.C.,1970-02-11 02:59:06.946670+00:00,20,0
Round Grinding - Machine 3,1970-02-11 06:02:42.524583+00:00,22,0
Final Inspection Q.C.,1970-02-11 17:20:45.724652+00:00,23,0
Turning & Milling Q.C.,1970-02-15 08:43:37.986952+00:00,11,0
Turning & Milling Q.C.,1970-02-15 23:30:26.218128+00:00,26,0
Turning & Milling Q.C.,1970-02-18 20:20:56.910855+00:00,20,0
Turning & Milling Q.C.,1970-01-20 15:17:29.665269+00:00,25,0
Turning & Milling - Machine 5,1970-01-20 21:22:07.442090+00:00,20,0
Turning & Milling - Machine 6,1970-01-23 16:50:45.489805+00:00,17,0
Grinding Rework - Machine 27,1970-01-25 08:03:56.119085+00:00,15,0
Lapping - Machine 1,1970-01-26 11:21:02.077058+00:00,19,0
Turning & Milling - Machine 5,1970-01-27 02:18:40.864367+00:00,14,0
Round Grinding - Machine 3,1970-01-29 09:01:53.417294+00:00,19,0
Flat Grinding - Machine 11,1970-01-31 07:55:02.308174+00:00,22,0
Packing,1970-02-07 12:43:10.718058+00:00,16,0
Flat Grinding - Machine 11,1970-02-07 17:04:17.841201+00:00,17,0
Round Grinding - Machine 3,1970-02-08 22:38:48.889534+00:00,17,0
Final Inspection Q.C.,1970-02-09 23:00:59.993077+00:00,21,0
Final Inspection Q.C.,1970-02-10 20:39:08.569407+00:00,26,0
Final Inspection Q.C.,1970-02-18 10:23:53.417999+00:00,27,0
Turning & Milling - Machine 6,1970-02-18 20:45:45.312257+00:00,14,1
Lapping - Machine 1,1970-02-19 00:16:51.343184+00:00,17,0
Turning & Milling - Machine 5,1970-02-19 05:36:38.508417+00:00,28,0
Round Grinding - Manual,1970-02-19 15:10:08.386043+00:00,15,0
Turning & Milling - Machine 5,1970-02-20 10:38:41.149492+00:00,26,0
Laser Marking - Machine 7,1970-02-21 15:36:21.442916+00:00,23,0
Turning & Milling - Machine 4,1970-02-22 01:50:38.688713+00:00,20,0
Lapping - Machine 1,1970-02-22 10:53:02.847515+00:00,18,0
Laser Marking - Machine 7,1970-02-24 15:28:10.165190+00:00,13,0
Packing,1970-03-05 22:52:16.224048+00:00,18,0
Turning - Machine 8,1970-01-20 22:59:53.381925+00:00,27,0
Packing,1970-01-23 02:18:45.648482+00:00,23,0
Lapping - Machine 1,1970-01-23 22:17:08.530744+00:00,23,0
Packing,1970-01-28 06:28:31.902286+00:00,19,0
Round Grinding - Manual,1970-01-28 12:34:17.044886+00:00,24,0
Round Grinding - Machine 2,1970-01-29 07:31:03.966601+00:00,11,0
Turning & Milling Q.C.,1970-01-22 04:34:06.205927+00:00,23,0
Round Grinding - Machine 3,1970-01-22 10:39:40.486206+00:00,21,0
Grinding Rework - Machine 27,1970-01-25 08:03:56.119085+00:00,16,0
Turning Q.C.,1970-01-31 02:02:04.026103+00:00,20,0
Round Grinding - Machine 2,1970-01-31 03:07:50.409821+00:00,22,0
Round Grinding - Machine 2,1970-02-01 08:01:36.916088+00:00,27,0
Round Grinding - Machine 2,1970-02-01 16:24:18.794423+00:00,22,0
Round Grinding - Machine 2,1970-02-03 09:44:55.139297+00:00,19,0
Round Grinding - Machine 2,1970-02-03 13:35:31.126834+00:00,19,0
Round Grinding - Machine 2,1970-02-03 18:14:01.786052+00:00,24,0
Round Grinding - Machine 2,1970-02-04 19:47:12.912584+00:00,14,0
Turning & Milling - Machine 6,1970-02-05 12:59:06.204150+00:00,17,0
Final Inspection Q.C.,1970-02-21 10:17:32.280380+00:00,17,0
Round Grinding - Machine 3,1970-02-21 12:38:55.159346+00:00,27,0
Turning & Milling - Machine 6,1970-01-20 08:11:13.732301+00:00,17,0
Final Inspection Q.C.,1970-01-22 13:14:09.156760+00:00,20,0
Turning & Milling Q.C.,1970-01-25 05:32:40.757751+00:00,17,0
Turning & Milling - Machine 5,1970-01-25 19:58:23.870290+00:00,17,0
Final Inspection Q.C.,1970-01-27 08:48:27.520523+00:00,21,0
Laser Marking - Machine 7,1970-02-01 22:26:47.103902+00:00,20,0
Flat Grinding - Machine 11,1970-02-02 09:28:36.221396+00:00,21,0
Round Grinding - Machine 3,1970-02-02 12:25:09.508998+00:00,21,0
Turning Q.C.,1970-02-03 09:49:21.246059+00:00,21,0
Round Grinding - Machine 2,1970-02-03 13:34:18.204009+00:00,16,0
Round Grinding - Machine 2,1970-02-03 16:51:26.126467+00:00,23,0
Final Inspection Q.C.,1970-02-07 05:37:31.801811+00:00,24,0
Grinding Rework - Machine 27,1970-02-12 17:25:27.033904+00:00,21,0
Laser Marking - Machine 7,1970-02-12 18:21:23.766575+00:00,21,0
Packing,1970-02-15 13:43:44.847116+00:00,18,0
Packing,1970-02-22 19:57:39.281184+00:00,25,0
Turning & Milling - Machine 8,1970-02-23 15:54:32.231324+00:00,30,0
Turning & Milling Q.C.,1970-01-27 22:05:32.861613+00:00,16,0
Turning & Milling - Machine 5,1970-01-28 09:38:34.467133+00:00,23,0
Turning & Milling - Machine 5,1970-01-28 20:18:09.120316+00:00,16,0
Turning & Milling Q.C.,1970-02-04 06:11:09.429606+00:00,18,0
Turning & Milling - Machine 6,1970-02-04 06:44:55.637987+00:00,22,0
Final Inspection Q.C.,1970-02-04 22:01:51.313348+00:00,29,1
Round Grinding - Machine 3,1970-01-21 15:58:52.461393+00:00,19,0
Turning & Milling Q.C.,1970-01-24 05:54:04.866092+00:00,14,0
Round Grinding - Manual,1970-01-26 21:35:14.406097+00:00,16,0
Turning & Milling - Machine 6,1970-01-28 02:36:59.858252+00:00,19,0
Packing,1970-01-30 02:58:08.554238+00:00,19,0
Lapping - Machine 1,1970-01-31 03:02:52.919126+00:00,13,0
Lapping - Machine 1,1970-02-05 06:24:42.896863+00:00,17,0
Round Grinding - Machine 3,1970-02-06 17:25:29.534901+00:00,15,0
Turning & Milling - Machine 4,1970-02-07 02:15:45.213638+00:00,23,0
Turning & Milling - Machine 6,1970-01-22 07:48:56.795743+00:00,20,0
Turning Q.C.,1970-01-23 08:09:58.677670+00:00,21,0
Turning & Milling - Machine 8,1970-01-24 05:36:41.514696+00:00,20,0
Turning & Milling - Machine 4,1970-01-24 17:42:13.341496+00:00,13,0
Turning & Milling - Machine 4,1970-01-24 19:35:36.647732+00:00,26,0
Lapping - Machine 1,1970-01-30 17:21:42.462441+00:00,26,0
Lapping - Machine 1,1970-02-01 13:38:07.784097+00:00,23,0
Turning & Milling - Machine 4,1970-02-02 12:54:44.543357+00:00,17,0
Turning & Milling - Machine 10,1970-02-04 10:53:16.550552+00:00,21,0
Turning & Milling - Machine 5,1970-02-04 13:37:20.962594+00:00,25,0
Turning & Milling - Machine 4,1970-02-04 14:12:39.255779+00:00,17,0
Grinding Rework - Machine 12,1970-02-06 22:34:42.505944+00:00,17,0
Turning & Milling - Machine 5,1970-02-07 03:51:19.822926+00:00,13,0
Turning & Milling - Machine 4,1970-02-07 12:02:38.531816+00:00,19,0
Turning & Milling - Machine 4,1970-02-07 16:14:08.208211+00:00,17,0
Turning & Milling - Machine 4,1970-02-07 18:18:23.877216+00:00,28,0
Turning & Milling - Machine 4,1970-02-08 04:50:03.880004+00:00,19,0
Turning & Milling - Machine 8,1970-02-08 19:14:49.681869+00:00,9,0
Turning & Milling Q.C.,1970-01-22 16:45:48.310070+00:00,15,0
Turning & Milling - Machine 6,1970-01-23 07:06:06.433010+00:00,20,0
Turning - Machine 8,1970-01-23 16:32:59.877695+00:00,23,0
Final Inspection Q.C.,1970-01-24 08:16:19.823087+00:00,23,0
Final Inspection Q.C.,1970-02-06 16:31:23.218049+00:00,20,0
Final Inspection Q.C.,1970-02-09 07:35:52.408096+00:00,17,0
Final Inspection Q.C.,1970-02-09 10:06:46.830345+00:00,19,0
Flat Grinding - Machine 11,1970-02-12 05:12:47.257271+00:00,18,0
Round Grinding - Machine 2,1970-02-12 10:41:40.402920+00:00,19,0
Turning & Milling Q.C.,1970-02-13 22:14:20.736423+00:00,24,0
Turning & Milling - Machine 6,1970-02-14 01:40:42.239975+00:00,23,0
Laser Marking - Machine 7,1970-02-14 05:44:56.056882+00:00,13,0
Round Grinding - Manual,1970-02-14 09:24:45.653611+00:00,13,0
Round Grinding - Machine 2,1970-02-14 13:27:09.273440+00:00,23,1
Final Inspection Q.C.,1970-02-15 07:54:15.855129+00:00,28,0
Laser Marking - Machine 7,1970-02-15 19:02:39.697439+00:00,18,0
Round Grinding - Machine 3,1970-02-16 10:01:24.760391+00:00,20,0
Final Inspection Q.C.,1970-02-21 23:01:16.298845+00:00,23,0
Final Inspection Q.C.,1970-02-24 13:08:59.687888+00:00,30,0
Final Inspection Q.C.,1970-02-25 08:59:35.113153+00:00,25,0
Final Inspection Q.C.,1970-02-25 16:09:54.860701+00:00,15,0
Turning & Milling - Machine 5,1970-01-22 20:38:40.557058+00:00,22,0
Turning & Milling Q.C.,1970-01-24 02:56:22.363594+00:00,16,0
Laser Marking - Machine 7,1970-01-26 03:31:42.094377+00:00,13,0
Grinding Rework - Machine 27,1970-01-27 19:30:14.347703+00:00,13,0
Packing,1970-02-04 15:16:36.322509+00:00,21,0
Grinding Rework - Machine 12,1970-02-12 14:56:05.192378+00:00,23,0
Turning & Milling - Machine 5,1970-02-13 11:02:41.612225+00:00,18,0
Turning & Milling - Machine 8,1970-02-14 00:57:21.717611+00:00,11,0
Packing,1970-02-14 05:57:39.169227+00:00,18,0
Turning & Milling Q.C.,1970-02-22 19:16:41.318351+00:00,17,0
Final Inspection Q.C.,1970-02-22 23:00:22.357878+00:00,21,0
Turning & Milling - Machine 5,1970-02-23 07:54:20.802902+00:00,20,0
Turning & Milling Q.C.,1970-02-24 11:23:53.764466+00:00,16,0
Turning & Milling - Machine 6,1970-02-24 20:41:55.184058+00:00,24,1
Turning Q.C.,1970-03-02 12:09:53.081805+00:00,21,0
Laser Marking - Machine 7,1970-03-11 22:34:58.870909+00:00,22,0
Packing,1970-03-16 07:29:05.700349+00:00,25,0
Turning & Milling - Machine 8,1970-03-18 11:00:12.435821+00:00,19,0
Turning & Milling Q.C.,1970-03-21 12:38:24.208228+00:00,21,0
Turning & Milling - Machine 8,1970-01-23 20:37:25.603849+00:00,23,0
Turning & Milling Q.C.,1970-01-24 16:07:57.350204+00:00,25,0
Turning Q.C.,1970-01-31 02:02:04.026103+00:00,21,0
Turning & Milling Q.C.,1970-02-02 18:31:22.029905+00:00,28,0
Turning & Milling Q.C.,1970-02-06 06:59:07.369532+00:00,21,0
Turning - Machine 8,1970-02-07 14:21:33.548503+00:00,16,0
Turning Q.C.,1970-02-08 17:25:27.055333+00:00,21,0
Round Grinding - Machine 3,1970-02-08 17:46:01.295719+00:00,21,0
Laser Marking - Machine 7,1970-02-09 07:43:54.790786+00:00,19,0
Turning Q.C.,1970-02-10 23:23:40.086190+00:00,18,0
Lapping - Machine 1,1970-02-20 08:29:54.152765+00:00,14,0
Turning & Milling - Machine 5,1970-02-21 10:31:24.333255+00:00,14,0
Final Inspection Q.C.,1970-03-04 17:30:06.482043+00:00,24,0
Turning & Milling - Machine 9,1970-03-04 23:14:06.786800+00:00,18,0
Laser Marking - Machine 7,1970-03-07 05:20:52.774437+00:00,17,0
Packing,1970-03-11 09:20:50.668104+00:00,19,0
Turning & Milling - Machine 5,1970-03-11 23:28:44.267716+00:00,21,0
Turning & Milling - Machine 6,1970-03-12 15:59:43.864618+00:00,18,0
Laser Marking - Machine 7,1970-03-16 07:24:34.562861+00:00,25,0
Turning & Milling - Machine 6,1970-03-16 09:09:08.699825+00:00,20,0
Final Inspection Q.C.,1970-03-16 23:45:12.952175+00:00,18,0
Turning & Milling Q.C.,1970-01-26 11:32:52.143814+00:00,16,0
Turning & Milling - Machine 5,1970-01-27 03:18:21.221335+00:00,16,0
Round Grinding - Manual,1970-01-27 19:09:39.391047+00:00,23,0
Turning & Milling Q.C.,1970-01-31 13:30:54.345619+00:00,27,0
Turning & Milling Q.C.,1970-02-03 19:39:41.765319+00:00,25,0
Turning & Milling Q.C.,1970-02-11 07:18:36.978779+00:00,23,0
Round Grinding - Machine 3,1970-02-11 08:33:34.537322+00:00,19,0
Turning & Milling Q.C.,1970-02-13 14:36:50.433615+00:00,22,0
Round Grinding - Machine 3,1970-02-14 05:25:02.474009+00:00,28,0
Packing,1970-02-15 01:52:44.690646+00:00,25,0
Turning & Milling Q.C.,1970-02-16 08:54:14.153858+00:00,20,0
Turning & Milling - Machine 8,1970-02-16 12:47:04.001816+00:00,18,0
Round Grinding - Machine 3,1970-02-17 22:51:00.507176+00:00,10,0
Turning & Milling - Machine 5,1970-02-18 01:23:43.411129+00:00,20,0
Turning & Milling - Machine 6,1970-02-18 08:43:53.537793+00:00,8,0
Laser Marking - Machine 7,1970-02-22 22:35:18.999748+00:00,22,0
Turning & Milling Q.C.,1970-02-26 01:48:38.392891+00:00,21,0
Laser Marking - Machine 7,1970-01-26 18:09:55.883133+00:00,20,0
Turning & Milling Q.C.,1970-01-28 03:57:44.070408+00:00,21,0
Lapping - Machine 1,1970-02-09 20:42:02.870949+00:00,28,0
Lapping - Machine 1,1970-02-10 11:42:32.190790+00:00,16,0
Turning & Milling Q.C.,1970-02-10 14:23:11.367997+00:00,15,0
Turning & Milling - Machine 8,1970-02-11 00:10:25.906158+00:00,17,0
Turn & Mill. & Screw Assem - Machine 10,1970-02-14 14:48:37.626467+00:00,14,0
Turning & Milling Q.C.,1970-02-15 02:15:32.055748+00:00,22,0
Turning & Milling Q.C.,1970-02-16 09:57:26.749641+00:00,23,0
Turning & Milling Q.C.,1970-02-17 18:10:11.214959+00:00,14,0
Turning & Milling - Machine 5,1970-01-25 14:08:42.528689+00:00,22,0
Round Grinding - Manual,1970-01-25 18:50:19.625940+00:00,17,0
Turning & Milling - Machine 6,1970-01-26 08:30:07.682145+00:00,28,1
Turning & Milling - Machine 4,1970-01-26 11:55:15.412524+00:00,25,0
Turning & Milling - Machine 4,1970-01-26 15:30:53.749221+00:00,22,0
Laser Marking - Machine 7,1970-01-27 06:07:40.962678+00:00,23,0
Turning & Milling - Machine 4,1970-01-27 08:58:16.532829+00:00,21,0
Turning & Milling - Machine 4,1970-01-27 09:25:51.104792+00:00,23,0
Turning & Milling - Machine 4,1970-01-27 09:53:28.247423+00:00,15,0
Turning & Milling - Machine 4,1970-01-28 03:40:22.526766+00:00,20,0
Turning & Milling Q.C.,1970-01-31 04:13:55.597673+00:00,18,0
Turning & Milling - Machine 4,1970-01-31 05:23:43.075372+00:00,18,0
Turning & Milling - Machine 4,1970-01-31 15:38:57.745371+00:00,27,0
Turning & Milling - Machine 4,1970-02-01 01:02:23.125221+00:00,16,0
Turning & Milling - Machine 4,1970-02-01 09:00:21.535859+00:00,27,0
Turning & Milling - Machine 4,1970-02-01 12:00:08.358286+00:00,18,0
Turning & Milling - Machine 4,1970-02-01 18:40:24.512187+00:00,19,0
Turning & Milling - Machine 4,1970-02-02 00:20:12.195012+00:00,18,0
Turning & Milling - Machine 4,1970-02-02 03:25:04.336283+00:00,18,0
Turning & Milling - Machine 4,1970-02-03 05:49:54.990521+00:00,27,0
Turning & Milling - Machine 4,1970-02-04 09:28:13.711986+00:00,17,0
Turning & Milling - Machine 4,1970-02-04 20:30:25.551917+00:00,26,0
Turning & Milling - Machine 4,1970-02-05 01:03:19.630496+00:00,21,0
Turning & Milling - Machine 4,1970-02-05 04:40:42.794201+00:00,14,0
Turning & Milling - Machine 4,1970-02-05 09:56:40.250110+00:00,20,0
Round Grinding - Machine 3,1970-01-25 17:15:53.502129+00:00,26,0
Final Inspection Q.C.,1970-01-26 01:13:28.664470+00:00,19,0
Final Inspection Q.C.,1970-01-27 08:56:52.635081+00:00,16,0
Laser Marking - Machine 7,1970-01-29 16:16:55.671432+00:00,19,0
Round Grinding - Manual,1970-01-30 01:27:47.553562+00:00,15,0
Round Grinding - Machine 2,1970-01-30 15:07:11.590538+00:00,23,0
Turning & Milling - Machine 8,1970-01-25 11:26:53.884357+00:00,25,0
Turning & Milling - Machine 6,1970-01-25 18:00:15.308020+00:00,15,0
Turning & Milling Q.C.,1970-01-27 20:01:10.901096+00:00,16,0
Laser Marking - Machine 7,1970-01-31 20:44:07.598961+00:00,15,0
Grinding Rework - Machine 27,1970-02-01 13:43:45.173537+00:00,24,0
Lapping - Machine 1,1970-02-06 23:51:19.873108+00:00,23,0
Lapping - Machine 1,1970-02-09 12:02:47.225374+00:00,27,0
Lapping - Machine 1,1970-02-10 19:38:15.299376+00:00,26,0
Lapping - Machine 1,1970-02-11 08:21:38.339662+00:00,21,0
Turning & Milling - Machine 5,1970-02-11 10:03:14.759840+00:00,14,0
Turning & Milling - Machine 5,1970-02-11 10:55:56.502849+00:00,20,0
Final Inspection Q.C.,1970-02-11 14:17:05.047557+00:00,21,0
Packing,1970-02-14 07:15:37.986971+00:00,16,0
Turning & Milling - Machine 4,1970-02-14 15:37:09.524605+00:00,15,0
Turning & Milling - Machine 4,1970-02-14 18:42:45.336750+00:00,18,0
Turning & Milling - Machine 4,1970-02-14 22:42:22.707895+00:00,24,0
Turning & Milling - Machine 4,1970-02-15 05:43:08.722319+00:00,17,0
Turning & Milling - Machine 4,1970-02-15 07:08:12.103267+00:00,22,0
Turning & Milling - Machine 4,1970-02-15 13:22:37.699872+00:00,15,0
Turning & Milling - Machine 4,1970-02-15 19:59:09.864287+00:00,25,0
Turning & Milling - Machine 5,1970-01-26 10:14:25.393163+00:00,19,0
Turning & Milling Q.C.,1970-01-27 06:46:45.641380+00:00,18,0
Round Grinding - Machine 3,1970-01-30 03:35:54.837983+00:00,20,0
Packing,1970-02-07 17:58:22.718408+00:00,15,0
Lapping - Machine 1,1970-02-08 21:16:17.947289+00:00,23,0
Lapping - Machine 1,1970-02-09 02:03:57.761917+00:00,26,0
Round Grinding - Machine 12,1970-02-10 22:10:01.701459+00:00,21,0
Round Grinding - Machine 12,1970-02-11 14:31:01.738888+00:00,23,0
Round Grinding - Machine 12,1970-02-12 22:51:27.829485+00:00,15,0
Round Grinding - Machine 12,1970-02-13 06:14:12.353288+00:00,18,0
Round Grinding - Machine 3,1970-02-13 21:25:01.126074+00:00,18,0
Packing,1970-02-14 00:44:40.554761+00:00,23,1
Lapping - Machine 1,1970-02-15 03:57:14.809774+00:00,24,0
Lapping - Machine 1,1970-02-15 22:40:15.152911+00:00,22,0
Lapping - Machine 1,1970-02-19 03:55:53.629978+00:00,21,0
Turning & Milling - Machine 8,1970-02-19 14:24:46.803166+00:00,14,0
Turning & Milling - Machine 5,1970-02-20 17:39:13.568480+00:00,21,0
Round Grinding - Machine 3,1970-01-26 12:04:35.691246+00:00,23,0
Turning & Milling - Machine 5,1970-01-26 15:23:09.882740+00:00,20,0
Round Grinding - Machine 3,1970-01-28 16:58:30.197696+00:00,27,0
Laser Marking - Machine 7,1970-02-06 21:11:14.718048+00:00,16,0
Packing,1970-02-13 08:23:37.157104+00:00,13,0
Turning & Milling Q.C.,1970-02-25 22:48:20.700004+00:00,18,0
Turning & Milling - Machine 6,1970-02-26 08:10:13.067221+00:00,20,0
Grinding Rework - Machine 27,1970-02-26 09:23:01.852150+00:00,28,0
Turning & Milling - Machine 6,1970-02-27 06:04:21.766189+00:00,14,0
Lapping - Machine 1,1970-03-09 01:58:51.610074+00:00,19,0
Turning & Milling - Machine 8,1970-03-09 04:53:25.632331+00:00,14,0
Turning & Milling - Machine 8,1970-03-09 18:36:24.458054+00:00,23,0
Round Grinding - Manual,1970-03-10 01:02:05.587653+00:00,20,0
Round Grinding - Machine 2,1970-03-11 09:56:48.317692+00:00,18,0
Turning & Milling - Machine 5,1970-03-11 16:40:54.494054+00:00,20,0
Turning - Machine 8,1970-03-12 09:12:08.681422+00:00,22,0
Turning & Milling - Machine 6,1970-03-13 14:09:02.631665+00:00,16,0
Turning Q.C.,1970-01-31 02:02:04.026103+00:00,22,0
Turning & Milling - Machine 6,1970-01-31 06:56:05.802268+00:00,26,0
Lapping - Machine 1,1970-01-31 14:08:24.456435+00:00,24,0
Packing,1970-01-31 23:59:00.510957+00:00,23,0
Turning & Milling - Machine 5,1970-02-01 20:13:41.674782+00:00,16,0
Turning - Machine 8,1970-02-02 03:46:04.137378+00:00,19,0
Round Grinding - Machine 3,1970-02-02 14:41:11.465021+00:00,19,0
Final Inspection Q.C.,1970-02-02 18:19:23.755480+00:00,23,0
Lapping - Machine 1,1970-02-06 12:37:16.904374+00:00,19,0
Round Grinding - Q.C.,1970-02-06 13:58:42.329876+00:00,21,0
Round Grinding - Q.C.,1970-02-07 06:27:20.595210+00:00,18,0
Round Grinding - Manual,1970-01-29 10:14:52.177645+00:00,23,0
Round Grinding - Machine 2,1970-01-29 14:26:15.397249+00:00,24,0
Turning & Milling Q.C.,1970-01-30 14:46:54.696209+00:00,20,0
Turning - Machine 8,1970-01-31 22:11:33.719163+00:00,18,0
Final Inspection Q.C.,1970-02-07 23:52:49.063145+00:00,23,0
Round Grinding - Machine 3,1970-02-09 02:33:04.282584+00:00,15,0
Final Inspection Q.C.,1970-02-15 01:59:01.289733+00:00,16,0
Final Inspection Q.C.,1970-02-16 19:05:10.099718+00:00,17,0
Final Inspection Q.C.,1970-02-21 00:20:07.950677+00:00,22,0
Laser Marking - Machine 7,1970-02-25 15:19:16.992940+00:00,20,0
Final Inspection Q.C.,1970-03-04 11:05:10.065395+00:00,18,0
Turning & Milling - Machine 5,1970-03-05 23:03:27.276484+00:00,20,0
Turning & Milling - Machine 6,1970-03-06 19:42:20.902902+00:00,21,0
Turning & Milling - Machine 8,1970-03-07 01:45:02.950980+00:00,21,0
Turning & Milling - Machine 5,1970-03-08 14:54:37.749221+00:00,24,0
Turning & Milling - Machine 5,1970-03-09 09:45:47.534812+00:00,21,0
Turning & Milling - Machine 8,1970-03-09 10:09:37.646133+00:00,23,0
Turning & Milling - Machine 5,1970-01-28 05:04:52.206788+00:00,20,0
Turning & Milling - Machine 6,1970-01-31 05:34:10.190483+00:00,19,0
Lapping - Machine 1,1970-02-07 05:07:50.357504+00:00,20,0
Packing,1970-02-13 17:51:21.971610+00:00,21,0
Laser Marking - Machine 7,1970-02-20 14:38:59.116775+00:00,22,0
Fix EDM,1970-02-20 22:45:22.053362+00:00,17,0
Final Inspection Q.C.,1970-02-20 23:15:02.703656+00:00,15,0
Turning & Milling - Machine 6,1970-02-20 23:20:38.022050+00:00,21,0
Turning - Machine 8,1970-02-21 11:12:57.379835+00:00,18,0
Round Grinding - Machine 3,1970-02-22 11:34:12.594978+00:00,22,0
Final Inspection Q.C.,1970-02-22 13:33:47.039145+00:00,21,0
Packing,1970-02-23 21:56:38.714120+00:00,14,0
Packing,1970-02-23 22:51:56.294042+00:00,17,0
Turning Q.C.,1970-02-28 23:09:31.640980+00:00,17,0
Turning & Milling - Machine 8,1970-03-01 01:27:35.901178+00:00,25,0
Turning & Milling - Machine 6,1970-03-01 22:40:53.460371+00:00,23,0
Turning & Milling - Machine 8,1970-03-02 01:38:09.867314+00:00,29,0
Round Grinding - Machine 3,1970-03-03 12:21:46.995161+00:00,24,0
Final Inspection Q.C.,1970-03-03 15:40:18.008917+00:00,19,0
Final Inspection Q.C.,1970-03-05 22:10:13.985341+00:00,15,0
Turning & Milling - Machine 10,1970-03-08 23:33:53.238098+00:00,31,0
Packing,1970-03-13 23:38:52.783104+00:00,7,0
Turning & Milling - Machine 8,1970-01-27 20:51:35.070288+00:00,17,0
Round Grinding - Q.C.,1970-01-30 05:34:16.670853+00:00,20,0
Turning & Milling Q.C.,1970-02-02 15:26:09.971086+00:00,16,0
Turning & Milling Q.C.,1970-01-30 18:25:53.954453+00:00,24,0
Turning - Machine 8,1970-01-29 00:56:42.378162+00:00,20,0
Round Grinding - Machine 3,1970-01-30 16:28:32.135847+00:00,18,0
Round Grinding - Manual,1970-01-30 16:55:57.711301+00:00,24,0
Turning & Milling Q.C.,1970-01-30 23:38:28.661845+00:00,19,0
Round Grinding - Machine 12,1970-01-31 01:27:42.731173+00:00,24,0
Round Grinding - Machine 12,1970-01-31 06:42:14.234708+00:00,21,0
Round Grinding - Machine 3,1970-01-31 21:05:23.129227+00:00,9,0
Final Inspection Q.C.,1970-02-01 14:29:40.261075+00:00,18,0
Final Inspection Q.C.,1970-02-03 06:17:36.229844+00:00,26,0
Final Inspection Q.C.,1970-02-05 10:04:41.592330+00:00,20,0
Packing,1970-02-06 13:17:25.053865+00:00,20,0
Final Inspection Q.C.,1970-02-12 18:52:32.327684+00:00,20,0
Round Grinding - Manual,1970-02-14 19:13:27.264684+00:00,29,0
Round Grinding - Machine 2,1970-02-16 16:16:05.936405+00:00,19,0
Turning & Milling - Machine 8,1970-02-17 20:13:12.326765+00:00,13,0
Flat Grinding - Machine 11,1970-02-18 08:07:27.591231+00:00,23,0
Flat Grinding - Machine 11,1970-02-18 13:27:37.735408+00:00,15,0
Flat Grinding - Machine 11,1970-02-21 12:00:28.737531+00:00,14,0
Flat Grinding - Machine 11,1970-02-23 06:13:38.724548+00:00,19,0
Flat Grinding - Machine 11,1970-02-24 04:20:18.324050+00:00,22,0
Flat Grinding - Machine 11,1970-02-24 18:18:21.803963+00:00,21,0
Turning & Milling - Machine 5,1970-02-25 03:51:48.973575+00:00,17,0
Milling - Machine 16,1970-02-25 19:01:43.024679+00:00,18,0
Milling - Machine 16,1970-02-26 21:52:52.666653+00:00,19,0
Milling - Machine 16,1970-02-27 06:54:24.921727+00:00,24,0
Turning & Milling - Machine 6,1970-02-28 17:08:34.979122+00:00,24,0
Lapping - Machine 1,1970-03-07 18:57:35.363252+00:00,23,0
Laser Marking - Machine 7,1970-03-13 12:46:14.996542+00:00,16,0
Packing,1970-03-14 01:38:56.462855+00:00,16,0
Lapping - Machine 1,1970-03-15 22:02:09.370392+00:00,24,0
Final Inspection Q.C.,1970-03-20 04:24:32.813513+00:00,19,0
Lapping - Machine 1,1970-04-11 03:35:40.552542+00:00,20,0
Round Grinding - Machine 3,1970-01-29 03:31:07.391292+00:00,25,0
Turning & Milling Q.C.,1970-01-30 17:05:39.058495+00:00,29,0
Turning & Milling Q.C.,1970-02-10 13:24:30.322859+00:00,11,0
Laser Marking - Machine 7,1970-02-10 16:10:02.691601+00:00,23,0
Turning & Milling Q.C.,1970-02-13 02:09:42.508127+00:00,17,0
Turning & Milling Q.C.,1970-02-21 13:23:35.490324+00:00,21,0
Laser Marking - Machine 7,1970-02-26 16:46:22.449114+00:00,18,0
Turning & Milling - Machine 8,1970-02-27 05:02:31.241741+00:00,11,0
Final Inspection Q.C.,1970-03-02 14:20:49.334493+00:00,22,0
Turning & Milling Q.C.,1970-03-02 19:50:29.708246+00:00,25,0
Final Inspection Q.C.,1970-03-02 19:57:04.513113+00:00,20,0
Turning & Milling Q.C.,1970-03-04 14:59:23.621128+00:00,18,0
Turning & Milling Q.C.,1970-01-29 09:32:48.122903+00:00,21,0
Turning & Milling Q.C.,1970-01-29 23:57:34.825275+00:00,24,0
Turning & Milling - Machine 5,1970-01-30 02:27:23.203778+00:00,15,0
Laser Marking - Machine 7,1970-01-30 07:17:41.322999+00:00,28,0
Packing,1970-01-31 07:11:49.224519+00:00,16,0
Lapping - Machine 1,1970-02-03 04:15:18.204466+00:00,15,0
Round Grinding - Machine 3,1970-02-03 11:07:03.596959+00:00,19,0
Laser Marking - Machine 7,1970-02-07 02:39:01.124877+00:00,21,0
Lapping - Machine 1,1970-02-10 08:57:54.616206+00:00,15,0
Lapping - Machine 1,1970-02-14 13:46:36.549643+00:00,20,0
Turning & Milling - Machine 8,1970-02-14 19:13:10.136542+00:00,15,0
Turning & Milling - Machine 4,1970-02-15 00:39:46.624932+00:00,20,0
Turning & Milling Q.C.,1970-02-16 03:44:56.174976+00:00,19,0
Turning & Milling - Machine 4,1970-02-16 06:42:43.810554+00:00,24,0
Turning & Milling - Machine 4,1970-02-16 08:01:48.116063+00:00,15,0
Turning & Milling - Machine 4,1970-02-16 19:35:12.159511+00:00,24,0
Round Grinding - Machine 3,1970-01-30 12:53:34.548363+00:00,10,0
Lapping - Machine 1,1970-02-08 22:04:20.479265+00:00,24,0
Laser Marking - Machine 7,1970-02-15 05:31:23.817844+00:00,23,0
Packing,1970-02-21 02:01:11.844625+00:00,22,0
Turning & Milling Q.C.,1970-02-24 05:01:24.977484+00:00,17,0
Turning & Milling Q.C.,1970-02-26 10:28:40.905730+00:00,17,0
Turning & Milling Q.C.,1970-02-26 11:00:33.076709+00:00,23,0
Packing,1970-02-27 18:29:21.740515+00:00,25,0
Round Grinding - Machine 2,1970-02-27 18:48:46.837258+00:00,22,0
Round Grinding - Machine 2,1970-02-28 19:48:40.188927+00:00,22,0
Turning & Milling - Machine 6,1970-03-02 08:46:49.288871+00:00,24,0
Turning & Milling - Machine 8,1970-03-02 11:45:31.869239+00:00,18,0
Turning & Milling - Machine 5,1970-03-02 20:43:57.341163+00:00,22,0
Turning & Milling - Machine 6,1970-03-03 08:45:06.044204+00:00,25,0
Turning & Milling Q.C.,1970-03-04 04:02:04.650016+00:00,15,0
Round Grinding - Machine 2,1970-03-05 16:19:46.303508+00:00,19,0
Turning & Milling - Machine 6,1970-03-06 09:58:10.238817+00:00,27,0
Round Grinding - Manual,1970-03-07 01:26:36.201180+00:00,19,0
Round Grinding - Machine 12,1970-03-07 16:11:30.077230+00:00,21,0
Round Grinding - Machine 3,1970-03-07 22:16:18.158005+00:00,18,0
Lapping - Machine 1,1970-03-10 00:44:25.777163+00:00,27,0
Lapping - Machine 1,1970-03-17 13:49:41.231104+00:00,23,0
Turning & Milling - Machine 9,1970-03-18 15:59:18.709646+00:00,19,0
Turning & Milling - Machine 9,1970-03-18 21:33:28.005080+00:00,13,0
Turning & Milling - Machine 9,1970-03-18 22:33:48.425693+00:00,20,0
Turning & Milling - Machine 9,1970-03-19 12:46:19.940076+00:00,20,0
Turning & Milling - Machine 9,1970-03-19 15:52:58.311092+00:00,18,0
Turning & Milling - Machine 9,1970-03-20 12:48:47.294124+00:00,19,1
Turning & Milling - Machine 9,1970-03-20 14:39:25.921455+00:00,28,0
Turning & Milling - Machine 9,1970-03-20 19:38:30.122902+00:00,19,0
Turning & Milling - Machine 9,1970-03-21 19:23:31.131027+00:00,23,0
Turning & Milling - Machine 9,1970-03-22 00:21:32.126329+00:00,15,0
Turning & Milling - Machine 9,1970-03-22 23:02:31.615849+00:00,16,0
Turning & Milling - Machine 9,1970-03-23 00:02:44.066218+00:00,24,0
Packing,1970-03-23 08:51:56.370423+00:00,22,0
Turning & Milling - Machine 6,1970-03-23 09:36:47.725051+00:00,22,0
Turning - Machine 8,1970-03-23 22:43:39.487631+00:00,19,0
Flat Grinding - Machine 11,1970-03-31 07:17:03.024193+00:00,21,0
Flat Grinding - Machine 11,1970-04-01 03:50:48.238685+00:00,23,0
Turning & Milling Q.C.,1970-02-02 03:55:06.343533+00:00,22,0
Turning & Milling - Machine 6,1970-02-02 10:27:26.909475+00:00,20,0
Final Inspection Q.C.,1970-02-02 12:38:23.841044+00:00,18,0
Final Inspection Q.C.,1970-02-02 14:19:44.826395+00:00,17,0
Turning & Milling Q.C.,1970-02-04 13:42:01.232733+00:00,25,1
Final Inspection Q.C.,1970-02-06 00:40:41.616821+00:00,17,0
Final Inspection Q.C.,1970-02-17 01:16:03.516400+00:00,26,0
Round Grinding - Machine 12,1970-02-17 02:19:13.599411+00:00,21,0
Round Grinding - Machine 3,1970-02-18 23:03:54.654488+00:00,22,0
Turning & Milling - Machine 5,1970-02-19 14:57:49.461689+00:00,25,0
Packing,1970-03-06 22:16:00.340760+00:00,15,0
Lapping - Machine 1,1970-03-07 10:58:19.044088+00:00,24,0
Laser Marking - Machine 7,1970-03-08 01:09:54.479500+00:00,25,0
Final Inspection Q.C.,1970-03-21 09:06:31.148401+00:00,20,0
Turning & Milling - Machine 6,1970-03-21 14:03:14.777860+00:00,21,0
Turning - Machine 8,1970-03-21 16:15:11.402950+00:00,13,0
Final Inspection Q.C.,1970-03-24 14:39:56.028532+00:00,14,0
Final Inspection Q.C.,1970-03-24 16:16:33.924906+00:00,22,0
Final Inspection Q.C.,1970-03-26 06:19:13.870129+00:00,20,0
Final Inspection Q.C.,1970-03-27 23:38:51.191704+00:00,27,0
Round Grinding - Machine 3,1970-03-30 00:12:53.796929+00:00,18,0
Packing,1970-04-03 07:06:14.250433+00:00,23,0
Turning & Milling - Machine 5,1970-04-03 21:33:04.843169+00:00,19,1
Final Inspection Q.C.,1970-04-04 22:27:06.882271+00:00,18,0
Final Inspection Q.C.,1970-04-05 23:23:16.095073+00:00,20,0
Final Inspection Q.C.,1970-04-07 07:55:41.671003+00:00,20,0
Final Inspection Q.C.,1970-04-07 11:43:25.388170+00:00,23,0
Final Inspection Q.C.,1970-04-13 13:47:42.090322+00:00,18,0
Final Inspection Q.C.,1970-04-19 18:24:50.578265+00:00,28,0
Final Inspection Q.C.,1970-04-20 05:24:44.267424+00:00,20,0
Turning & Milling - Machine 8,1970-04-20 13:57:38.062832+00:00,11,0
Turning & Milling - Machine 5,1970-04-21 11:59:52.641947+00:00,24,0
Round Grinding - Machine 3,1970-04-21 13:33:41.444994+00:00,24,0
Turning & Milling - Machine 8,1970-04-21 18:30:48.825995+00:00,15,0
Turning & Milling - Machine 8,1970-01-30 21:16:07.765666+00:00,24,0
Round Grinding - Machine 3,1970-01-31 17:39:41.000393+00:00,19,0
Final Inspection Q.C.,1970-02-01 14:14:47.379441+00:00,21,0
Lapping - Machine 1,1970-02-02 10:52:49.838752+00:00,24,0
Laser Marking - Machine 7,1970-02-08 20:11:35.991807+00:00,16,0
Turning & Milling Q.C.,1970-02-10 19:44:32.990285+00:00,8,0
Turning & Milling Q.C.,1970-02-11 22:24:07.239443+00:00,23,0
Turning & Milling Q.C.,1970-02-15 02:29:24.461543+00:00,17,0
Round Grinding - Machine 3,1970-01-31 11:37:12.187343+00:00,14,0
Turning & Milling Q.C.,1970-02-02 09:34:07.758688+00:00,19,0
Final Inspection Q.C.,1970-02-03 16:28:20.610732+00:00,18,0
Final Inspection Q.C.,1970-02-03 18:52:41.411780+00:00,14,0
Round Grinding - Manual,1970-02-04 14:52:20.623796+00:00,21,0
Lapping - Machine 1,1970-02-05 19:52:57.873581+00:00,13,0
Round Grinding - Machine 3,1970-02-06 18:04:20.302097+00:00,13,0
Laser Marking - Machine 7,1970-02-08 17:23:29.343419+00:00,23,0
Turning & Milling - Machine 6,1970-02-08 21:43:55.377446+00:00,18,0
Flat Grinding - Machine 11,1970-02-14 09:32:40.166432+00:00,19,0
Turning & Milling - Machine 5,1970-02-01 11:04:18.844871+00:00,19,0
Round Grinding - Machine 3,1970-02-01 18:55:03.419611+00:00,21,0
Turning & Milling Q.C.,1970-02-01 20:34:37.578972+00:00,24,1
Round Grinding - Manual,1970-02-02 03:36:28.994205+00:00,14,0
Round Grinding - Machine 2,1970-02-02 12:18:45.796408+00:00,20,0
Grinding Rework - Machine 12,1970-02-07 03:51:23.177142+00:00,17,0
Laser Marking - Machine 7,1970-02-10 07:39:20.659507+00:00,20,0
Final Inspection Q.C.,1970-02-10 09:16:54.083412+00:00,25,0
Final Inspection Q.C.,1970-02-11 20:36:15.283748+00:00,23,0
Lapping - Machine 1,1970-02-13 06:27:18.561968+00:00,22,0
Packing,1970-02-18 01:38:50.373558+00:00,17,0
Final Inspection Q.C.,1970-02-21 11:37:25.087091+00:00,17,0
Final Inspection Q.C.,1970-02-23 18:00:38.984350+00:00,16,0
Turning - Machine 8,1970-02-24 23:58:16.028669+00:00,22,0
Turning & Milling - Machine 6,1970-02-26 05:27:43.494726+00:00,21,0
Turning & Milling - Machine 8,1970-02-26 05:40:00.057637+00:00,12,0
Final Inspection Q.C.,1970-03-04 13:14:33.807517+00:00,25,0
Turn & Mill. & Screw Assem - Machine 9,1970-03-04 16:29:32.520167+00:00,15,0
Turn & Mill. & Screw Assem - Machine 9,1970-03-04 19:19:06.484855+00:00,16,0
Final Inspection Q.C.,1970-03-10 06:35:32.085731+00:00,20,0
Final Inspection Q.C.,1970-03-12 01:45:39.966426+00:00,20,0
Final Inspection Q.C.,1970-03-19 01:04:22.567243+00:00,18,0
Final Inspection Q.C.,1970-03-21 12:47:06.729653+00:00,20,0
Final Inspection Q.C.,1970-03-23 16:10:02.150690+00:00,19,0
Final Inspection Q.C.,1970-03-23 18:08:59.641724+00:00,29,0
Laser Marking - Machine 7,1970-04-08 01:57:34.027079+00:00,13,0
Final Inspection Q.C.,1970-04-10 20:24:33.748007+00:00,23,0
Round Grinding - Machine 3,1970-04-11 03:27:20.973933+00:00,27,0
Turning & Milling - Machine 5,1970-04-11 16:24:53.706642+00:00,24,0
Round Grinding - Machine 3,1970-04-12 00:55:25.248056+00:00,23,0
Turning Q.C.,1970-04-12 04:55:16.825501+00:00,21,0
Turning & Milling - Machine 6,1970-04-12 05:59:21.775286+00:00,12,0
Round Grinding - Machine 2,1970-04-12 09:59:51.590968+00:00,18,0
Turning & Milling - Machine 5,1970-01-31 22:40:22.356545+00:00,26,0
Round Grinding - Machine 3,1970-02-02 17:21:23.083165+00:00,19,0
Turning & Milling Q.C.,1970-02-03 06:06:43.826451+00:00,22,0
Flat Grinding - Machine 11,1970-02-03 18:14:13.892680+00:00,14,0
Final Inspection Q.C.,1970-02-02 03:01:02.615211+00:00,17,0
Round Grinding - Machine 12,1970-02-05 23:16:29.833881+00:00,20,0
Round Grinding - Machine 12,1970-02-06 15:07:43.588132+00:00,17,0
Round Grinding - Machine 12,1970-02-07 20:56:39.795646+00:00,20,0
Round Grinding - Machine 12,1970-02-09 19:06:35.917698+00:00,18,0
Round Grinding - Machine 12,1970-02-10 09:36:40.181503+00:00,21,0
Round Grinding - Machine 3,1970-02-11 06:13:58.347598+00:00,15,0
Grinding Rework - Machine 27,1970-02-14 13:11:12.765662+00:00,27,0
Turning & Milling - Machine 10,1970-02-14 21:06:21.506562+00:00,22,0
Turning & Milling - Machine 10,1970-02-16 22:42:16.552298+00:00,22,0
Lapping - Machine 1,1970-02-17 15:55:01.146971+00:00,27,0
Packing,1970-02-20 12:37:06.327878+00:00,16,0
Turning - Machine 8,1970-02-20 13:17:04.218564+00:00,13,0
Turning & Milling - Machine 6,1970-02-21 11:08:08.636017+00:00,21,0
Laser Marking - Machine 7,1970-02-27 21:59:32.675462+00:00,22,0
Turning Q.C.,1970-02-03 18:50:31.180779+00:00,23,0
Turning & Milling Q.C.,1970-02-05 12:43:13.398827+00:00,23,0
Turning Q.C.,1970-02-07 02:57:27.848614+00:00,19,0
Turning & Milling - Machine 5,1970-02-07 05:15:38.491661+00:00,25,0
Turning Q.C.,1970-02-08 02:52:11.102585+00:00,25,0
Round Grinding - Machine 3,1970-02-09 15:43:46.318819+00:00,19,0
Turning Q.C.,1970-02-10 09:42:46.286588+00:00,22,0
Laser Marking - Machine 7,1970-02-12 11:25:37.616555+00:00,20,0
Lapping - Machine 1,1970-02-13 03:22:15.316420+00:00,19,0
Lapping - Machine 1,1970-02-13 17:28:26.695062+00:00,13,0
Lapping - Machine 1,1970-02-14 19:42:03.353785+00:00,24,0
Turning & Milling - Machine 5,1970-02-15 02:40:59.308503+00:00,22,0
Final Inspection Q.C.,1970-02-15 03:20:22.231179+00:00,18,0
Round Grinding - Machine 3,1970-02-15 07:52:47.237194+00:00,24,0
Final Inspection Q.C.,1970-02-15 10:23:24.872326+00:00,29,0
Laser Marking - Machine 7,1970-02-17 17:34:33.049387+00:00,17,0
Turning & Milling - Machine 8,1970-02-18 10:22:39.549249+00:00,22,0
Turning Q.C.,1970-02-26 13:10:41.986188+00:00,15,0
Turning & Milling - Machine 5,1970-02-27 12:35:14.987414+00:00,20,0
Turning - Machine 8,1970-02-28 00:05:50.242361+00:00,18,0
Final Inspection Q.C.,1970-02-28 09:52:31.856499+00:00,17,0
Final Inspection Q.C.,1970-02-28 10:23:36.076957+00:00,21,0
Lapping - Machine 1,1970-02-28 13:05:02.287416+00:00,18,0
Final Inspection Q.C.,1970-03-14 19:23:38.592296+00:00,25,0
Final Inspection Q.C.,1970-03-16 15:07:05.371576+00:00,16,0
Turning Rework - Machine 21,1970-03-22 06:01:36.094467+00:00,17,0
Lapping - Machine 1,1970-03-27 05:40:45.116448+00:00,15,0
Turning & Milling - Machine 5,1970-02-02 15:16:47.020171+00:00,19,0
Laser Marking - Machine 7,1970-02-05 13:56:30.009059+00:00,23,0
Turning & Milling Q.C.,1970-02-05 23:16:17.278477+00:00,21,0
Turning & Milling Q.C.,1970-02-12 15:08:13.480609+00:00,16,0
Flat Grinding - Machine 11,1970-02-12 22:11:13.758500+00:00,18,0
Flat Grinding - Machine 11,1970-02-13 03:02:52.150274+00:00,17,0
Turning & Milling - Machine 6,1970-02-13 06:50:05.320442+00:00,19,0
Turning & Milling - Machine 5,1970-02-13 17:43:05.871228+00:00,21,0
Turning & Milling - Machine 6,1970-02-14 20:02:52.924559+00:00,17,0
Turning Q.C.,1970-02-18 13:01:01.105268+00:00,18,0
Laser Marking - Machine 7,1970-02-23 02:09:33.224276+00:00,22,0
Packing,1970-03-04 18:05:04.902382+00:00,19,0
Turning & Milling Q.C.,1970-03-06 20:13:16.439212+00:00,18,0
Turning & Milling - Machine 6,1970-03-07 10:19:26.666661+00:00,27,0
Turning Q.C.,1970-03-12 21:51:49.923311+00:00,21,0
Grinding Rework - Machine 27,1970-03-15 05:47:07.824503+00:00,15,0
Fix - Machine 19,1970-03-15 05:47:07.824503+00:00,20,0
Grinding Rework - Machine 27,1970-03-15 16:10:20.527271+00:00,28,0
Packing,1970-03-16 11:51:07.234883+00:00,19,0
Turning & Milling - Machine 6,1970-02-03 14:11:08.742342+00:00,19,0
Round Grinding - Machine 3,1970-02-04 02:37:33.726494+00:00,18,0
Lapping - Machine 1,1970-02-06 18:01:57.732855+00:00,18,0
Turning & Milling Q.C.,1970-02-07 05:43:10.253846+00:00,22,0
Turning & Milling Q.C.,1970-02-07 17:19:47.734183+00:00,18,0
Turning - Machine 8,1970-02-03 09:18:06.447110+00:00,16,0
Final Inspection Q.C.,1970-02-06 00:51:08.735538+00:00,9,0
Final Inspection Q.C.,1970-02-06 21:24:08.246185+00:00,15,0
Final Inspection Q.C.,1970-02-08 03:23:58.526269+00:00,25,0
Final Inspection Q.C.,1970-02-08 04:05:33.328690+00:00,19,0
Turning & Milling - Machine 8,1970-02-08 08:59:46.390580+00:00,25,0
Round Grinding - Machine 3,1970-02-10 05:31:52.119909+00:00,23,0
Round Grinding - Machine 3,1970-02-04 03:56:37.870362+00:00,20,0
Turning & Milling - Machine 9,1970-02-04 04:50:39.877156+00:00,16,0
Lapping - Machine 1,1970-02-11 07:37:37.424734+00:00,14,0
Turning & Milling - Machine 9,1970-02-11 08:01:23.323259+00:00,18,0
Packing,1970-02-12 17:54:33.582372+00:00,17,0
Turning & Milling - Machine 5,1970-02-12 20:10:28.884563+00:00,22,0
Round Grinding - Machine 3,1970-02-13 17:40:33.849685+00:00,20,0
Round Grinding - Machine 3,1970-02-18 11:42:34.745381+00:00,18,0
Turning & Milling - Machine 6,1970-02-05 11:58:13.268699+00:00,18,0
Grinding Rework - Machine 27,1970-02-08 21:07:05.580414+00:00,16,0
Packing,1970-02-13 18:49:13.585174+00:00,19,0
Lapping - Machine 1,1970-02-23 02:11:55.175510+00:00,19,0
Lapping - Machine 1,1970-02-26 18:31:57.633653+00:00,18,0
Round Grinding - Machine 2,1970-02-28 20:34:40.821121+00:00,23,0
Round Grinding - Machine 2,1970-03-01 14:02:11.358375+00:00,15,0
Round Grinding - Machine 2,1970-03-02 09:18:21.842095+00:00,13,0
Round Grinding - Machine 2,1970-03-03 01:21:36.195571+00:00,22,0
Turn & Mill. & Screw Assem - Machine 10,1970-03-03 20:43:54.632066+00:00,23,0
Turning & Milling - Machine 5,1970-03-04 08:56:30.042082+00:00,15,0
Round Grinding - Machine 12,1970-03-04 23:36:17.356587+00:00,20,0
Round Grinding - Machine 3,1970-03-07 05:34:18.538713+00:00,22,0
Turning & Milling Q.C.,1970-03-07 23:28:24.078464+00:00,23,0
Turning & Milling Q.C.,1970-03-09 02:02:07.235746+00:00,23,0
Turning & Milling Q.C.,1970-02-04 19:05:16.843709+00:00,23,0
Turning & Milling - Machine 5,1970-02-05 12:10:08.884395+00:00,24,0
Round Grinding - Machine 3,1970-02-05 16:12:12.680981+00:00,16,0
Turning & Milling Q.C.,1970-02-08 19:39:20.524697+00:00,18,0
Turning & Milling - Machine 5,1970-02-09 12:11:12.458318+00:00,19,0
Lapping - Machine 1,1970-02-09 14:43:52.940075+00:00,21,0
Packing,1970-02-11 22:43:17.370002+00:00,22,0
Turning & Milling - Machine 6,1970-02-13 21:17:37.885369+00:00,15,0
Turning & Milling Q.C.,1970-02-14 04:34:27.522840+00:00,23,0
Lapping - Machine 1,1970-02-24 05:21:14.174551+00:00,19,0
Turning & Milling - Machine 6,1970-02-24 05:40:16.137817+00:00,17,0
Turning & Milling - Machine 6,1970-02-24 18:32:19.142544+00:00,25,0
Turning & Milling Q.C.,1970-02-26 22:45:11.218691+00:00,14,0
Round Grinding - Manual,1970-02-27 16:33:58.246792+00:00,26,0
Turning & Milling - Machine 6,1970-02-05 09:59:22.295316+00:00,15,0
Final Inspection Q.C.,1970-02-07 06:06:52.842612+00:00,24,0
Laser Marking - Machine 7,1970-02-10 02:05:27.187011+00:00,31,0
Round Grinding - Manual,1970-02-10 08:49:37.869662+00:00,16,0
Turning & Milling Q.C.,1970-02-10 18:03:09.064521+00:00,19,0
Turning - Machine 8,1970-02-11 09:38:49.320110+00:00,18,0
Final Inspection Q.C.,1970-02-13 23:59:02.537720+00:00,28,0
Round Grinding - Machine 3,1970-02-16 06:07:38.190328+00:00,18,0
Final Inspection Q.C.,1970-02-17 21:55:25.963532+00:00,21,0
Round Grinding - Machine 3,1970-02-05 16:38:46.708570+00:00,20,0
Round Grinding - Machine 3,1970-02-05 19:30:31.124581+00:00,25,0
Laser Marking - Machine 7,1970-02-08 12:25:11.406006+00:00,22,0
Round Grinding - Machine 3,1970-02-08 19:15:58.277180+00:00,20,0
Turning & Milling - Machine 4,1970-02-08 19:27:38.097623+00:00,13,0
Turning & Milling - Machine 6,1970-02-09 03:16:34.218656+00:00,14,0
Lapping - Machine 1,1970-02-15 00:42:32.782075+00:00,27,0
Lapping - Machine 1,1970-02-19 10:11:31.962580+00:00,14,0
Turning & Milling - Machine 4,1970-02-20 09:05:34.394729+00:00,21,0
Turning & Milling - Machine 4,1970-02-20 20:23:46.390733+00:00,23,0
Turning & Milling - Machine 4,1970-02-21 03:51:02.979549+00:00,20,0
Turning & Milling - Machine 4,1970-02-21 09:50:36.823690+00:00,25,0
Milling - Machine 10,1970-02-05 11:43:04.642857+00:00,20,0
Turning & Milling - Machine 6,1970-02-05 21:35:20.370431+00:00,18,0
Laser Marking - Machine 7,1970-02-14 09:25:09.565890+00:00,20,0
Round Grinding - Manual,1970-02-14 11:05:31.336463+00:00,22,0
Round Grinding - Machine 2,1970-02-14 11:24:39.197219+00:00,24,0
Round Grinding - Machine 2,1970-02-16 15:15:37.767455+00:00,19,0
Round Grinding - Machine 2,1970-02-17 03:42:02.220865+00:00,17,0
Turning & Milling - Machine 5,1970-02-17 04:34:48.433082+00:00,19,0
Final Inspection Q.C.,1970-02-19 06:25:53.605356+00:00,17,0
Round Grinding - Machine 3,1970-02-20 16:58:10.549781+00:00,15,0
Packing,1970-02-21 07:02:07.690087+00:00,17,0
Lapping - Machine 1,1970-02-28 10:58:27.301981+00:00,13,0
Lapping - Machine 1,1970-02-28 15:51:57.383757+00:00,18,0
Turning & Milling - Machine 5,1970-02-07 03:34:15.980049+00:00,24,0
Round Grinding - Machine 3,1970-02-07 08:09:51.513256+00:00,21,0
Turning & Milling Q.C.,1970-02-13 22:16:55.413444+00:00,18,0
Final Inspection Q.C.,1970-02-14 01:54:45.297972+00:00,15,0
Final Inspection Q.C.,1970-02-15 09:03:32.165340+00:00,20,0
Final Inspection Q.C.,1970-02-17 17:02:31.513384+00:00,12,0
Turning & Milling Q.C.,1970-02-20 16:26:36.239740+00:00,25,0
Turning & Milling - Machine 8,1970-02-21 17:11:45.948967+00:00,21,0
Turning & Milling - Machine 4,1970-02-22 05:34:58.609989+00:00,15,0
Turning & Milling - Machine 4,1970-02-22 10:01:35.856707+00:00,21,1
Turning & Milling - Machine 4,1970-02-22 18:19:57.305548+00:00,23,0
Turning & Milling - Machine 4,1970-02-22 19:52:41.585221+00:00,18,0
Turning & Milling Q.C.,1970-02-25 01:40:05.217993+00:00,27,0
Turning & Milling - Machine 4,1970-02-25 17:48:31.318910+00:00,23,0
Turning & Milling - Machine 4,1970-02-26 03:57:35.479274+00:00,20,0
Turning & Milling Q.C.,1970-02-28 07:28:36.179479+00:00,15,0
Turning - Machine 8,1970-02-06 11:57:27.154927+00:00,14,0
Final Inspection Q.C.,1970-02-09 19:49:22.241112+00:00,20,0
Turning & Milling - Machine 6,1970-02-10 02:27:18.328145+00:00,19,0
Lapping - Machine 1,1970-02-10 03:05:54.960637+00:00,15,0
Packing,1970-02-20 13:39:30.470611+00:00,23,0
Turning & Milling Q.C.,1970-02-27 05:30:03.458075+00:00,21,0
Turning & Milling Q.C.,1970-03-04 05:22:56.859356+00:00,18,0
Round Grinding - Machine 3,1970-02-07 13:53:31.309082+00:00,18,0
Turning & Milling Q.C.,1970-02-08 16:10:52.457984+00:00,25,0
Laser Marking - Machine 7,1970-02-10 19:50:34.305659+00:00,11,0
Round Grinding - Machine 3,1970-02-11 19:04:32.386556+00:00,21,0
Grinding Rework - Machine 27,1970-02-14 07:58:37.801854+00:00,18,0
Final Inspection Q.C.,1970-02-15 09:57:11.208117+00:00,29,0
Lapping - Machine 1,1970-02-17 11:58:56.825543+00:00,17,0
Final Inspection Q.C.,1970-02-19 23:38:02.776243+00:00,18,0
Packing,1970-02-20 21:23:11.118037+00:00,24,0
Final Inspection Q.C.,1970-02-23 13:08:11.953879+00:00,19,0
Turning - Machine 8,1970-02-25 01:59:37.280012+00:00,13,0
Final Inspection Q.C.,1970-03-02 20:40:11.743415+00:00,15,0
Round Grinding - Machine 3,1970-03-04 04:28:43.459278+00:00,16,0
Final Inspection Q.C.,1970-03-08 14:25:36.981426+00:00,7,0
Packing,1970-03-08 20:22:10.742381+00:00,16,0
Packing,1970-03-09 12:54:46.188206+00:00,20,0
Turning & Milling Q.C.,1970-02-10 12:21:05.331729+00:00,18,0
Turning & Milling - Machine 5,1970-02-10 15:04:55.155190+00:00,14,0
Round Grinding - Manual,1970-02-11 02:38:27.374791+00:00,20,0
Round Grinding - Machine 2,1970-02-12 01:51:50.110575+00:00,14,0
Turning & Milling - Machine 5,1970-02-12 09:31:06.946066+00:00,24,0
Final Inspection Q.C.,1970-02-13 17:43:32.513559+00:00,18,0
Turning & Milling - Machine 8,1970-02-14 01:33:05.987985+00:00,20,0
Turning & Milling Q.C.,1970-02-08 06:46:37.539868+00:00,25,0
Lapping - Machine 1,1970-02-08 10:05:47.270448+00:00,17,0
Packing,1970-02-08 11:08:43.821953+00:00,18,0
Turning & Milling - Machine 6,1970-02-08 14:24:35.135182+00:00,24,0
Laser Marking - Machine 7,1970-02-09 00:17:33.237101+00:00,23,0
Lapping - Machine 1,1970-02-10 01:17:01.576580+00:00,20,0
Turning & Milling - Machine 5,1970-02-10 14:02:54.859937+00:00,17,0
Round Grinding - Machine 3,1970-02-11 10:34:14.371475+00:00,15,0
Final Inspection Q.C.,1970-02-08 00:30:03.457820+00:00,23,0
Turning - Machine 8,1970-02-08 00:34:21.556710+00:00,26,0
Round Grinding - Machine 3,1970-02-08 21:48:14.718012+00:00,11,0
Laser Marking - Machine 7,1970-02-09 02:31:59.746126+00:00,21,0
Turning & Milling Q.C.,1970-02-13 13:01:40.046296+00:00,11,0
Lapping - Machine 1,1970-02-18 07:10:22.446469+00:00,19,0
Lapping - Machine 1,1970-02-26 21:28:08.779843+00:00,20,0
Turning & Milling Q.C.,1970-02-27 00:26:45.691537+00:00,21,0
Lapping - Machine 1,1970-02-28 14:50:40.843922+00:00,23,1
Turning & Milling - Machine 6,1970-02-28 19:43:47.118439+00:00,24,0
Laser Marking - Machine 7,1970-03-02 09:17:30.133571+00:00,19,0
Lapping - Machine 1,1970-03-08 03:05:13.207497+00:00,22,0
Laser Marking - Machine 7,1970-03-14 01:43:45.813331+00:00,23,0
Turning & Milling Q.C.,1970-03-14 20:49:37.903571+00:00,25,0
Turning & Milling Q.C.,1970-03-19 18:39:07.673910+00:00,18,0
Turning & Milling Q.C.,1970-03-22 22:50:45.211796+00:00,22,0
Final Inspection Q.C.,1970-03-26 07:54:47.162726+00:00,13,0
Turning & Milling - Machine 6,1970-03-27 02:37:38.703061+00:00,19,0
Nitration Q.C.,1970-04-08 04:39:39.132186+00:00,20,0
Turning & Milling Q.C.,1970-04-10 04:41:29.749457+00:00,19,0
Laser Marking - Machine 7,1970-04-11 10:25:19.555673+00:00,22,0
Lapping - Machine 1,1970-04-30 11:33:10.150644+00:00,26,0
Turning & Milling - Machine 8,1970-05-01 07:56:08.245379+00:00,19,0
Final Inspection Q.C.,1970-05-02 00:21:43.424338+00:00,19,0
Turning & Milling - Machine 6,1970-05-02 12:35:03.554048+00:00,17,0
Laser Marking - Machine 7,1970-05-02 16:14:36.362177+00:00,17,0
Packing,1970-05-05 03:31:05.164231+00:00,21,0
Lapping - Machine 1,1970-05-07 02:13:10.363349+00:00,21,0
Lapping - Machine 1,1970-05-24 15:36:08.103548+00:00,25,0
Turning & Milling Q.C.,1970-05-26 05:23:26.534380+00:00,15,0
Round Grinding - Machine 2,1970-05-26 09:54:58.672150+00:00,14,0
Turning & Milling Q.C.,1970-05-27 15:52:56.047238+00:00,20,0
Turning & Milling Q.C.,1970-05-28 19:34:28.565471+00:00,16,0
Turning & Milling Q.C.,1970-05-31 06:39:08.104307+00:00,17,0
Turning & Milling Q.C.,1970-06-01 13:35:58.680065+00:00,17,0
Turning & Milling Q.C.,1970-06-03 18:25:26.070233+00:00,24,0
Turning & Milling Q.C.,1970-06-06 21:53:57.414809+00:00,12,0
Turning & Milling Q.C.,1970-06-07 00:59:14.825474+00:00,21,0
Turning & Milling Q.C.,1970-06-18 21:10:49.776785+00:00,15,0
Turning & Milling Q.C.,1970-06-19 05:01:08.689537+00:00,21,0
Turning & Milling - Machine 8,1970-02-08 09:33:27.267173+00:00,16,0
Round Grinding - Machine 3,1970-02-09 02:49:08.562732+00:00,19,0
Round Grinding - Machine 3,1970-02-10 03:16:19.006380+00:00,24,0
Lapping - Machine 1,1970-02-17 11:18:43.006900+00:00,21,0
Turning & Milling - Machine 6,1970-02-17 23:18:41.289763+00:00,19,0
Laser Marking - Machine 7,1970-02-18 17:29:01.381684+00:00,28,0
Round Grinding - Machine 23,1970-02-28 21:56:31.194336+00:00,18,0
Lapping - Machine 1,1970-03-01 05:29:54.859127+00:00,8,0
Round Grinding - Machine 3,1970-03-01 08:17:00.458190+00:00,26,0
Final Inspection Q.C.,1970-03-02 21:21:01.958479+00:00,18,0
Final Inspection Q.C.,1970-03-04 00:47:05.232171+00:00,18,1
Turning Q.C.,1970-03-05 03:42:33.608962+00:00,17,0
Turning & Milling - Machine 8,1970-02-09 06:14:12.958893+00:00,15,0
Turning & Milling Q.C.,1970-02-10 06:54:27.841650+00:00,23,0
Round Grinding - Machine 3,1970-02-11 06:12:10.105764+00:00,24,0
Flat Grinding - Machine 11,1970-02-12 10:11:59.240667+00:00,23,0
Turning & Milling Q.C.,1970-02-13 01:17:42.830925+00:00,18,0
Turning & Milling Q.C.,1970-02-14 11:06:28.207658+00:00,23,0
Flat Grinding - Machine 11,1970-02-15 05:03:02.280088+00:00,22,0
Turning & Milling Q.C.,1970-02-20 14:08:49.574182+00:00,17,0
Turning & Milling - Machine 5,1970-02-22 15:01:47.664817+00:00,20,0
Turning & Milling - Machine 8,1970-02-23 09:11:44.826844+00:00,25,0
Laser Marking - Machine 7,1970-03-08 07:25:45.988922+00:00,28,0
Turning & Milling - Machine 5,1970-03-09 23:32:45.073449+00:00,22,0
Turning & Milling - Machine 6,1970-03-12 11:21:48.454218+00:00,16,0
Round Grinding - Manual,1970-03-13 08:37:35.170652+00:00,28,0
Round Grinding - Machine 2,1970-03-14 09:40:17.938152+00:00,18,0
Round Grinding - Machine 2,1970-03-15 12:28:24.193749+00:00,21,0
Round Grinding - Machine 2,1970-03-16 07:20:14.747471+00:00,14,0
Round Grinding - Machine 2,1970-02-10 09:03:50.272076+00:00,18,0
Final Inspection Q.C.,1970-02-14 06:21:43.317619+00:00,21,0
Turning & Milling Q.C.,1970-02-14 16:01:41.630348+00:00,16,0
Turning & Milling Q.C.,1970-02-12 10:14:06.837345+00:00,18,0
Turning & Milling - Machine 6,1970-02-12 11:00:24.406111+00:00,23,0
Laser Marking - Machine 7,1970-02-14 01:29:26.700779+00:00,16,0
Packing,1970-02-17 02:15:18.916181+00:00,27,0
Lapping - Machine 1,1970-02-28 19:51:59.402146+00:00,28,0
Turning & Milling - Machine 6,1970-03-01 07:23:53.555367+00:00,21,0
Grinding Rework - Machine 27,1970-03-02 20:15:14.268407+00:00,19,0
Laser Marking - Machine 7,1970-03-08 16:51:08.432644+00:00,21,0
Turning & Milling - Machine 5,1970-03-09 04:11:27.773119+00:00,18,0
Turning & Milling - Machine 8,1970-03-10 02:25:49.734791+00:00,21,0
Round Grinding - Machine 2,1970-02-11 15:34:45.475250+00:00,18,0
Turning & Milling - Machine 6,1970-02-12 12:17:49.341699+00:00,23,0
Turning & Milling Q.C.,1970-02-14 19:25:13.017661+00:00,17,0
Turning & Milling Q.C.,1970-02-16 00:32:02.900240+00:00,17,0
Round Grinding - Machine 3,1970-02-16 20:39:57.231539+00:00,25,0
Turning & Milling Q.C.,1970-02-16 21:32:30.577482+00:00,19,0
Laser Marking - Machine 7,1970-02-17 17:50:02.786203+00:00,17,0
Turning & Milling Q.C.,1970-02-18 06:55:06.139415+00:00,15,0
Turning & Milling Q.C.,1970-02-22 08:51:22.356197+00:00,16,0
Laser Marking - Machine 7,1970-02-10 18:51:03.346292+00:00,26,0
Final Inspection Q.C.,1970-02-11 23:34:01.238506+00:00,19,0
Turning & Milling - Machine 6,1970-02-12 20:42:15.729586+00:00,22,0
Lapping - Machine 1,1970-02-15 16:12:58.835269+00:00,16,0
Turning Q.C.,1970-02-19 14:32:35.741968+00:00,24,0
Turning & Milling Q.C.,1970-02-19 15:31:47.872392+00:00,18,0
Fix EDM,1970-02-19 21:03:14.524874+00:00,16,0
Final Inspection Q.C.,1970-02-20 03:45:08.858942+00:00,20,0
Turning & Milling - Machine 6,1970-02-20 11:38:35.007298+00:00,19,0
Turning & Milling Q.C.,1970-02-21 21:06:29.196114+00:00,15,0
Lapping - Machine 1,1970-02-26 02:31:30.624277+00:00,16,0
Turning Q.C.,1970-02-28 19:31:43.790383+00:00,29,0
Round Grinding - Machine 3,1970-03-01 12:04:08.916387+00:00,22,0
Turning Q.C.,1970-03-03 21:18:45.373125+00:00,23,0
Turning & Milling - Machine 5,1970-03-04 09:58:32.818798+00:00,12,0
Turning Q.C.,1970-03-06 09:47:15.978142+00:00,20,0
Laser Marking - Machine 7,1970-03-06 15:33:52.777549+00:00,15,0
Lapping - Machine 1,1970-03-10 05:31:41.465050+00:00,17,0
Turning & Milling - Machine 9,1970-03-10 11:07:45.616944+00:00,15,0
Turning & Milling - Machine 9,1970-03-10 20:21:17.835971+00:00,18,0
Turning & Milling - Machine 9,1970-03-12 13:02:56.080409+00:00,19,0
Turning & Milling - Machine 9,1970-03-13 14:19:34.433052+00:00,20,0
Turning Q.C.,1970-03-15 00:29:32.751517+00:00,18,0
Turning & Milling - Machine 5,1970-03-15 18:34:28.721055+00:00,22,0
Round Grinding - Machine 3,1970-03-17 03:16:29.651555+00:00,14,0
Laser Marking - Machine 7,1970-03-18 16:46:26.797800+00:00,20,0
Turning & Milling - Machine 8,1970-03-18 21:21:01.508062+00:00,26,0
Round Grinding - Machine 3,1970-03-20 01:05:51.543533+00:00,22,0
Final Inspection Q.C.,1970-03-21 06:11:26.421410+00:00,17,0
Turning & Milling - Machine 8,1970-03-21 10:07:47.036309+00:00,20,0
Round Grinding - Machine 3,1970-03-21 20:27:10.229195+00:00,22,0
Turning - Machine 8,1970-02-11 04:45:59.671877+00:00,20,0
Turning & Milling Q.C.,1970-02-12 14:13:31.631612+00:00,21,0
Laser Marking - Machine 7,1970-02-12 23:08:49.310153+00:00,21,0
Round Grinding - Q.C.,1970-02-14 16:31:03.923348+00:00,22,0
Round Grinding - Q.C.,1970-02-15 13:44:17.596584+00:00,21,0
Turning & Milling - Machine 5,1970-02-17 01:18:17.986969+00:00,12,0
Round Grinding - Manual,1970-02-17 09:44:55.325096+00:00,24,0
Round Grinding - Machine 2,1970-02-18 03:32:06.726316+00:00,22,0
Round Grinding - Machine 2,1970-02-18 10:31:27.779417+00:00,22,0
Round Grinding - Machine 2,1970-02-18 13:09:20.591509+00:00,22,0
Turning - Machine 8,1970-02-19 04:05:03.085176+00:00,17,0
Round Grinding - Q.C.,1970-02-19 11:59:42.514338+00:00,11,0
Turning & Milling - Machine 5,1970-02-11 10:26:20.518893+00:00,22,0
Turning - Machine 9,1970-02-11 21:59:37.355490+00:00,25,0
Turning & Milling - Machine 9,1970-02-12 07:12:24.595440+00:00,23,0
Turning - Machine 9,1970-02-14 02:10:05.861935+00:00,19,0
Turning - Machine 9,1970-02-14 06:28:38.735891+00:00,15,0
Turning - Machine 9,1970-02-16 01:27:23.009636+00:00,24,0
Turning - Machine 9,1970-02-16 09:28:38.586644+00:00,12,0
Turning - Machine 9,1970-02-16 19:24:16.378278+00:00,21,0
Turning - Machine 9,1970-02-16 20:38:35.353758+00:00,15,0
Turning - Machine 9,1970-02-17 05:20:47.571212+00:00,16,0
Turning - Machine 9,1970-02-17 14:28:00.729861+00:00,22,0
Turning - Machine 9,1970-02-18 02:33:42.881410+00:00,23,0
Turning - Machine 9,1970-02-18 03:12:49.209801+00:00,23,0
Turning - Machine 9,1970-02-18 05:45:00.048096+00:00,23,0
Turning - Machine 9,1970-02-18 21:45:25.868184+00:00,18,0
Turning - Machine 9,1970-02-19 01:12:02.809642+00:00,21,0
Packing,1970-02-20 12:34:59.136935+00:00,16,0
Turning & Milling - Machine 8,1970-02-21 14:25:42.397693+00:00,13,0
Turning & Milling Q.C.,1970-02-21 15:21:26.982237+00:00,17,0
Turning - Machine 8,1970-02-22 22:06:18.274152+00:00,23,0
Round Grinding - Machine 3,1970-02-23 00:27:01.452062+00:00,17,0
Lapping - Machine 1,1970-03-02 22:43:17.905280+00:00,28,0
Flat Grinding - Machine 11,1970-03-03 12:43:36.654028+00:00,18,0
Turning & Milling Q.C.,1970-03-04 13:36:48.462558+00:00,17,0
Flat Grinding - Machine 11,1970-03-04 20:05:40.719533+00:00,14,0
Turning & Milling Q.C.,1970-02-11 20:14:45.789380+00:00,16,0
Turning & Milling Q.C.,1970-02-13 22:58:37.351249+00:00,22,0
Flat Grinding - Machine 11,1970-02-13 21:45:56.365660+00:00,15,0
Turning & Milling - Machine 6,1970-02-14 02:57:33.558268+00:00,19,0
Turning & Milling - Machine 5,1970-02-14 04:28:24.140326+00:00,23,0
Turning & Milling - Machine 5,1970-02-14 13:24:58.883499+00:00,25,0
Final Inspection Q.C.,1970-02-19 12:22:24.196329+00:00,17,0
Turning - Machine 8,1970-02-19 15:37:46.765766+00:00,17,0
Final Inspection Q.C.,1970-02-22 11:10:00.970288+00:00,22,0
Turning & Milling - Machine 8,1970-02-22 14:45:32.485990+00:00,20,0
Round Grinding - Machine 12,1970-02-13 11:12:25.419662+00:00,17,0
Round Grinding - Machine 12,1970-02-14 14:52:53.287855+00:00,23,0
Final Inspection Q.C.,1970-02-20 21:16:31.171956+00:00,24,0
Turning & Milling Q.C.,1970-02-26 09:52:28.747657+00:00,25,0
Round Grinding - Machine 12,1970-02-26 12:51:36.969077+00:00,20,0
Round Grinding - Machine 12,1970-02-27 03:54:11.894568+00:00,22,0
Round Grinding - Machine 12,1970-02-27 11:39:08.995086+00:00,16,0
Final Inspection Q.C.,1970-03-03 00:45:30.003510+00:00,24,0
Round Grinding - Machine 12,1970-03-03 03:20:40.375976+00:00,22,0
Round Grinding - Machine 12,1970-03-04 13:38:54.369011+00:00,28,0
Round Grinding - Machine 3,1970-03-04 16:46:30.012962+00:00,20,0
Turning & Milling Q.C.,1970-02-14 22:06:01.461834+00:00,24,0
Turning & Milling Q.C.,1970-02-16 08:03:07.064542+00:00,21,0
Turning & Milling Q.C.,1970-02-17 01:26:50.729174+00:00,20,1
Turning & Milling Q.C.,1970-02-19 16:58:47.438127+00:00,19,0
Turning & Milling Q.C.,1970-02-20 12:35:32.526857+00:00,27,1
Turning & Milling Q.C.,1970-02-27 00:33:51.243151+00:00,19,0
Turning & Milling Q.C.,1970-03-01 03:49:19.685679+00:00,19,0
Turning & Milling Q.C.,1970-03-07 04:54:35.974022+00:00,18,0
Turning & Milling Q.C.,1970-02-13 10:07:31.103622+00:00,17,0
Turning & Milling Q.C.,1970-02-14 22:41:14.567623+00:00,22,0
Turning & Milling Q.C.,1970-02-15 15:57:12.591294+00:00,26,0
Turning & Milling - Machine 4,1970-02-15 19:35:02.215641+00:00,14,0
Turning & Milling - Machine 4,1970-02-16 07:17:06.748675+00:00,19,0
Turning & Milling - Machine 4,1970-02-16 07:59:58.664459+00:00,19,0
Turning & Milling - Machine 4,1970-02-16 08:28:18.626895+00:00,18,0
Turning & Milling - Machine 4,1970-02-16 14:45:11.917415+00:00,17,0
Turning & Milling - Machine 4,1970-02-16 16:36:40.749395+00:00,17,0
Turning & Milling - Machine 4,1970-02-16 23:42:09.551065+00:00,21,0
Turning & Milling - Machine 4,1970-02-17 10:02:25.799724+00:00,18,0
Turning & Milling - Machine 6,1970-02-13 19:44:33.007606+00:00,13,0
Final Inspection Q.C.,1970-02-16 03:02:43.529491+00:00,19,0
Round Grinding - Manual,1970-02-16 04:40:45.007955+00:00,22,0
Round Grinding - Machine 2,1970-02-17 00:35:14.685165+00:00,22,0
Round Grinding - Machine 2,1970-02-17 03:15:11.752509+00:00,17,0
Round Grinding - Machine 2,1970-02-17 20:58:33.657992+00:00,25,0
Turning - Machine 8,1970-02-18 09:07:52.076333+00:00,19,0
Turning & Milling - Machine 8,1970-02-19 11:08:15.726269+00:00,27,0
Round Grinding - Machine 3,1970-02-20 16:47:39.532621+00:00,20,0
Final Inspection Q.C.,1970-02-20 18:18:18.101761+00:00,24,0
Final Inspection Q.C.,1970-02-26 19:50:28.213042+00:00,17,0
Final Inspection Q.C.,1970-02-28 18:20:17.270949+00:00,19,0
Final Inspection Q.C.,1970-03-01 20:21:07.780474+00:00,25,0
Final Inspection Q.C.,1970-03-02 08:46:23.115638+00:00,24,0
Turning & Milling - Machine 5,1970-02-14 04:49:12.638512+00:00,19,0
Round Grinding - Machine 3,1970-02-15 15:47:14.664729+00:00,17,0
Final Inspection Q.C.,1970-02-19 23:07:17.930946+00:00,19,0
Turning & Milling Q.C.,1970-02-23 19:02:51.104669+00:00,17,0
Laser Marking - Machine 7,1970-02-25 23:43:01.428137+00:00,18,0
Turning - Machine 8,1970-02-28 23:21:30.506397+00:00,25,0
Round Grinding - Machine 3,1970-03-02 17:02:23.838996+00:00,18,0
Round Grinding - Machine 12,1970-03-03 20:33:01.222690+00:00,14,0
Round Grinding - Machine 12,1970-03-03 22:34:20.503277+00:00,19,0
Round Grinding - Machine 12,1970-03-05 11:58:09.204848+00:00,24,0
Round Grinding - Machine 3,1970-03-05 15:33:39.762996+00:00,21,0
Round Grinding - Machine 3,1970-03-05 22:32:09.820905+00:00,23,0
Flat Grinding - Machine 11,1970-03-06 05:04:31.594696+00:00,23,0
Turning & Milling - Machine 8,1970-03-06 12:35:37.643237+00:00,15,0
Final Inspection Q.C.,1970-03-08 18:11:09.998746+00:00,26,0
Final Inspection Q.C.,1970-03-08 20:55:18.621868+00:00,20,0
Final Inspection Q.C.,1970-03-12 12:22:05.724935+00:00,24,0
Final Inspection Q.C.,1970-03-16 05:15:18.231833+00:00,21,0
Final Inspection Q.C.,1970-03-21 16:03:33.067582+00:00,16,0
Round Grinding - Machine 3,1970-03-25 10:01:25.864960+00:00,15,0
Turning & Milling - Machine 4,1970-03-25 13:52:59.675181+00:00,21,0
Turning & Milling - Machine 8,1970-03-27 21:44:43.602894+00:00,17,0
Turning & Milling - Machine 5,1970-03-29 10:43:35.981229+00:00,24,0
Turning & Milling - Machine 6,1970-03-29 22:55:29.119047+00:00,24,0
Turning & Milling - Machine 4,1970-03-30 01:53:41.171864+00:00,20,0
Turning & Milling - Machine 4,1970-03-30 11:50:16.990099+00:00,21,0
Turning & Milling - Machine 4,1970-03-31 09:43:33.178227+00:00,19,0
Turning & Milling - Machine 4,1970-03-31 16:11:35.054087+00:00,12,0
Turning & Milling - Machine 8,1970-02-15 06:20:34.885363+00:00,25,0
Turning & Milling Q.C.,1970-02-19 04:57:18.475307+00:00,20,0
Round Grinding - Machine 12,1970-02-19 11:13:15.124584+00:00,18,0
Round Grinding - Machine 12,1970-02-19 19:06:23.710039+00:00,18,0
Round Grinding - Machine 12,1970-02-20 01:25:11.869055+00:00,18,0
Round Grinding - Machine 3,1970-02-20 15:47:28.347620+00:00,14,0
Final Inspection Q.C.,1970-02-26 13:39:57.490545+00:00,22,0
Turning & Milling - Machine 6,1970-02-28 02:58:42.344392+00:00,16,0
Turning & Milling Q.C.,1970-03-02 21:03:34.094654+00:00,16,0
Turning & Milling Q.C.,1970-03-03 01:26:01.988806+00:00,21,0
Turning & Milling - Machine 8,1970-03-03 05:53:44.033011+00:00,22,0
Turning & Milling - Machine 6,1970-03-03 09:30:59.066882+00:00,22,0
Final Inspection Q.C.,1970-03-06 12:02:07.939798+00:00,28,0
Laser Marking - Machine 7,1970-03-13 04:17:04.128372+00:00,18,0
Round Grinding - Machine 2,1970-03-13 22:08:51.522080+00:00,24,0
Round Grinding - Machine 2,1970-03-15 01:12:14.547023+00:00,20,0
Round Grinding - Machine 2,1970-03-15 09:13:08.756493+00:00,18,0
Round Grinding - Machine 2,1970-03-15 17:20:57.566597+00:00,22,0
Final Inspection Q.C.,1970-03-19 05:46:09.538726+00:00,21,0
Lapping - Machine 1,1970-03-19 18:24:51.173897+00:00,22,0
Turning & Milling Q.C.,1970-03-20 00:08:04.601320+00:00,18,0
Laser Marking - Machine 7,1970-03-20 13:10:38.239667+00:00,19,0
Turning & Milling - Machine 8,1970-03-21 12:34:51.260812+00:00,20,0
Turning Q.C.,1970-03-29 05:23:37.427432+00:00,21,0
Turning & Milling Q.C.,1970-03-29 09:19:57.880332+00:00,17,0
Turning & Milling Q.C.,1970-03-30 18:09:47.476243+00:00,22,0
Turning & Milling - Machine 5,1970-03-30 22:14:26.252197+00:00,16,0
Turning & Milling Q.C.,1970-04-03 23:31:00.922104+00:00,20,0
Laser Marking - Machine 7,1970-04-04 08:16:33.998758+00:00,15,0
Packing,1970-04-05 15:36:22.427098+00:00,16,0
Round Grinding - Machine 2,1970-04-06 05:42:07.234928+00:00,19,0
Round Grinding - Machine 2,1970-04-07 00:30:50.588607+00:00,16,0
Round Grinding - Machine 2,1970-04-07 19:21:41.630621+00:00,27,0
Turning Q.C.,1970-04-07 22:39:54.055182+00:00,18,1
Turning & Milling - Machine 5,1970-04-08 03:34:51.576504+00:00,16,0
Final Inspection Q.C.,1970-04-10 14:55:52.941927+00:00,19,0
Round Grinding - Machine 3,1970-04-10 20:53:53.525227+00:00,21,0
Lapping - Machine 1,1970-04-11 11:46:34.870108+00:00,18,1
Laser Marking - Machine 7,1970-04-30 20:12:29.822211+00:00,21,0
Turning Q.C.,1970-05-03 08:52:20.970418+00:00,21,0
Turning Q.C.,1970-05-06 00:20:23.218009+00:00,19,0
Turning & Milling - Machine 8,1970-05-06 12:22:56.281047+00:00,23,0
Round Grinding - Machine 3,1970-05-09 19:28:42.424110+00:00,24,0
Laser Marking - Machine 7,1970-05-17 20:52:58.977429+00:00,20,0
Turning & Milling - Machine 10,1970-05-17 23:52:05.188607+00:00,13,0
Turning & Milling - Machine 10,1970-05-18 18:53:08.001941+00:00,22,0
Turning & Milling - Machine 10,1970-05-19 12:37:30.470448+00:00,17,0
Flat Grinding - Machine 11,1970-05-20 06:04:13.024449+00:00,20,0
Turning & Milling - Machine 10,1970-05-21 03:50:17.617234+00:00,23,0
Flat Grinding - Machine 11,1970-05-21 06:20:07.135588+00:00,20,0
Turning & Milling - Machine 10,1970-05-22 02:34:35.652045+00:00,25,0
Turning & Milling - Machine 10,1970-05-22 14:23:29.774755+00:00,25,0
Turning & Milling - Machine 10,1970-05-23 06:32:50.168382+00:00,13,0
Packing,1970-05-23 22:50:12.068174+00:00,24,0
Final Inspection Q.C.,1970-05-27 10:13:21.807051+00:00,17,0
Final Inspection Q.C.,1970-05-29 01:06:02.402870+00:00,19,0
Final Inspection Q.C.,1970-05-30 13:48:52.592327+00:00,21,0
Final Inspection Q.C.,1970-05-31 13:27:51.349542+00:00,17,0
Round Grinding - Machine 3,1970-05-31 15:30:26.393305+00:00,17,0
Turning & Milling - Machine 5,1970-05-31 19:58:56.614491+00:00,11,0
Turning & Milling - Machine 5,1970-02-15 14:58:32.713030+00:00,28,0
Turning & Milling Q.C.,1970-02-19 18:18:21.061320+00:00,16,0
Turning & Milling - Machine 5,1970-02-20 21:23:28.384200+00:00,18,0
Packing,1970-02-21 06:03:47.990919+00:00,18,0
Lapping - Machine 1,1970-02-24 17:23:14.745058+00:00,20,0
Lapping - Machine 1,1970-03-04 16:16:43.424813+00:00,20,0
Turning & Milling - Machine 6,1970-03-04 16:18:08.992586+00:00,18,0
Turning & Milling - Machine 8,1970-03-04 19:52:21.714953+00:00,13,0
Turning & Milling - Machine 5,1970-03-04 21:38:14.508808+00:00,18,0
Turning - Machine 8,1970-03-05 19:22:21.304850+00:00,21,0
Final Inspection Q.C.,1970-03-12 01:26:37.345662+00:00,19,0
Turning & Milling - Machine 6,1970-03-12 06:30:03.017285+00:00,21,0
Packing,1970-03-13 14:23:57.338310+00:00,26,0
Lapping - Machine 1,1970-03-14 04:22:06.117657+00:00,25,0
Round Grinding - Machine 2,1970-03-16 07:24:25.643248+00:00,27,0
Round Grinding - Machine 2,1970-03-16 07:56:04.704063+00:00,13,0
Round Grinding - Machine 2,1970-03-16 17:08:31.333804+00:00,32,0
Turn & Mill. & Screw Assem - Machine 10,1970-02-20 05:41:09.914751+00:00,14,0
Round Grinding - Manual,1970-02-21 04:52:00.165270+00:00,22,0
Turning & Milling Q.C.,1970-02-25 22:02:47.349754+00:00,28,0
Final Inspection Q.C.,1970-02-28 04:08:19.936576+00:00,21,0
Final Inspection Q.C.,1970-02-28 12:40:09.002480+00:00,18,0
Final Inspection Q.C.,1970-02-28 15:53:45.714019+00:00,20,0
Final Inspection Q.C.,1970-03-02 16:41:22.022806+00:00,18,0
Laser Marking - Machine 7,1970-03-06 03:33:48.166783+00:00,24,0
Packing,1970-03-06 23:41:50.450800+00:00,22,0
Final Inspection Q.C.,1970-03-09 13:48:26.253169+00:00,23,0
Lapping - Machine 1,1970-03-11 00:22:51.217897+00:00,23,0
Final Inspection Q.C.,1970-03-11 14:58:28.816215+00:00,12,0
Lapping - Machine 1,1970-03-13 21:12:33.414562+00:00,17,0
Final Inspection Q.C.,1970-03-18 20:32:44.944827+00:00,24,0
Final Inspection Q.C.,1970-03-22 02:22:38.085706+00:00,18,0
Final Inspection Q.C.,1970-03-23 01:25:59.036012+00:00,22,0
Turning & Milling - Machine 5,1970-02-16 08:24:03.080193+00:00,18,0
Turning & Milling Q.C.,1970-02-16 11:15:53.466040+00:00,26,0
Final Inspection Q.C.,1970-02-21 03:51:55.183230+00:00,21,0
Final Inspection Q.C.,1970-02-24 00:00:52.934395+00:00,18,0
Turning - Machine 8,1970-02-24 05:29:15.324093+00:00,20,0
SETUP     Turning & Milling - Machine 5,1970-02-16 03:05:05.714286+00:00,21,0
Turning & Milling - Machine 6,1970-02-16 17:02:57.241817+00:00,16,0
Turning & Milling Q.C.,1970-02-17 01:56:53.019531+00:00,26,0
Final Inspection Q.C.,1970-02-18 06:15:01.774155+00:00,16,0
Turning & Milling - Machine 6,1970-02-19 05:20:26.663721+00:00,26,0
Turning Q.C.,1970-02-21 22:41:23.971917+00:00,18,0
Final Inspection Q.C.,1970-02-23 07:01:55.414087+00:00,13,0
Final Inspection Q.C.,1970-02-27 19:30:19.511816+00:00,11,0
Final Inspection Q.C.,1970-03-03 09:49:06.523389+00:00,26,0
Final Inspection Q.C.,1970-03-08 01:55:33.329900+00:00,18,0
Final Inspection Q.C.,1970-03-11 12:58:07.532205+00:00,16,0
Final Inspection Q.C.,1970-03-15 08:46:58.281631+00:00,27,0
Turning & Milling Q.C.,1970-03-19 15:54:43.409525+00:00,16,0
Turning & Milling Q.C.,1970-03-23 03:33:00.242687+00:00,21,0
Turning & Milling - Machine 5,1970-03-25 02:16:40.738656+00:00,23,0
Turning & Milling - Machine 6,1970-03-26 09:40:56.571199+00:00,21,0
Grinding Rework - Machine 27,1970-03-27 10:11:58.346224+00:00,23,0
Turning & Milling Q.C.,1970-03-30 00:23:41.183614+00:00,22,0
Laser Marking - Machine 7,1970-04-01 19:53:52.313907+00:00,20,0
Turning & Milling Q.C.,1970-04-04 18:49:17.865645+00:00,18,0
Turning & Milling Q.C.,1970-04-10 13:02:59.377823+00:00,30,0
Turning & Milling Q.C.,1970-04-11 12:30:37.859369+00:00,22,0
Turning & Milling Q.C.,1970-03-01 06:45:34.179924+00:00,21,0
Turning & Milling Q.C.,1970-03-02 01:24:27.535801+00:00,25,0
Turning & Milling Q.C.,1970-03-04 08:17:07.926380+00:00,24,0
Round Grinding - Machine 3,1970-03-04 18:14:20.515378+00:00,23,0
Turning & Milling Q.C.,1970-03-05 07:59:19.666088+00:00,21,0
Laser Marking - Machine 7,1970-03-08 11:13:14.925632+00:00,26,0
Turning & Milling - Machine 10,1970-03-08 18:38:22.108847+00:00,17,0
Turning & Milling - Machine 10,1970-03-10 04:52:05.991443+00:00,23,0
Packing,1970-03-15 08:57:15.311711+00:00,19,0
Grinding Rework - Machine 27,1970-03-15 12:48:38.537706+00:00,20,0
Lapping - Machine 1,1970-03-19 23:13:23.588124+00:00,25,0
Lapping - Machine 1,1970-03-20 22:22:45.392551+00:00,22,0
Final Inspection Q.C.,1970-03-28 09:37:15.539981+00:00,19,0
Lapping - Machine 1,1970-03-28 10:12:43.928482+00:00,22,0
Lapping - Machine 1,1970-04-03 21:02:56.013191+00:00,26,1
Turning & Milling - Machine 8,1970-04-03 21:25:04.870486+00:00,27,0
Turning & Milling - Machine 6,1970-02-16 23:27:19.481213+00:00,15,0
Final Inspection Q.C.,1970-02-17 16:03:03.879846+00:00,26,0
Packing,1970-02-19 03:26:11.555822+00:00,20,0
Laser Marking - Machine 7,1970-02-21 22:20:11.517993+00:00,18,0
Lapping - Machine 1,1970-02-27 05:41:22.161598+00:00,19,0
Packing,1970-03-01 07:30:44.972641+00:00,19,0
Turning & Milling - Machine 8,1970-03-02 14:09:52.984376+00:00,23,0
Turning & Milling - Machine 8,1970-02-17 10:24:21.650900+00:00,24,0
Round Grinding - Q.C.,1970-02-18 00:41:22.275318+00:00,20,0
Grinding Rework - Machine 27,1970-02-18 10:01:28.345574+00:00,18,0
Laser Marking - Machine 7,1970-02-24 10:32:28.551619+00:00,12,0
Packing,1970-03-04 05:15:01.959216+00:00,13,0
Turning & Milling Q.C.,1970-03-07 04:40:51.864790+00:00,23,0
Packing,1970-03-10 13:29:29.786470+00:00,22,0
Turning & Milling Q.C.,1970-03-11 11:33:39.333875+00:00,23,0
Turning & Milling - Machine 8,1970-03-11 12:23:28.450024+00:00,14,0
Milling Q.C.,1970-03-11 12:23:28.450024+00:00,21,0
Turning & Milling - Machine 6,1970-03-14 09:00:59.543515+00:00,20,0
Round Grinding - Q.C.,1970-03-15 08:36:53.087251+00:00,14,0
Flat Grinding - Machine 11,1970-03-16 20:32:52.522480+00:00,25,0
Flat Grinding - Machine 11,1970-03-18 11:34:28.728122+00:00,16,0
Lapping - Machine 1,1970-03-24 21:58:19.852736+00:00,14,0
Fix EDM,1970-03-25 02:13:12.900123+00:00,21,0
Turning & Milling - Machine 8,1970-03-25 15:07:31.992970+00:00,12,0
Round Grinding - Q.C.,1970-03-26 01:28:04.459729+00:00,22,0
Round Grinding - Q.C.,1970-03-27 09:34:01.216299+00:00,20,0
Turning & Milling - Machine 4,1970-03-27 14:28:12.112829+00:00,19,0
Lapping - Machine 1,1970-04-02 07:03:52.271691+00:00,16,0
Round Grinding - Machine 2,1970-04-02 17:07:05.781545+00:00,20,0
Round Grinding - Machine 2,1970-04-02 23:29:25.978072+00:00,21,0
Round Grinding - Machine 2,1970-04-03 15:23:16.817733+00:00,22,0
Round Grinding - Machine 2,1970-04-03 19:04:54.492125+00:00,17,0
Final Inspection Q.C.,1970-04-08 12:53:31.391160+00:00,29,0
Final Inspection Q.C.,1970-04-09 05:27:27.176392+00:00,18,0
Round Grinding - Machine 3,1970-04-10 19:19:03.921637+00:00,27,0
Turning & Milling - Machine 5,1970-02-17 20:07:23.370018+00:00,19,0
Turning - Machine 8,1970-02-18 02:35:34.243163+00:00,14,0
Final Inspection Q.C.,1970-02-23 05:35:18.112324+00:00,18,0
Turning & Milling Q.C.,1970-02-24 19:39:31.155107+00:00,16,0
Turning & Milling - Machine 6,1970-02-25 15:22:56.497245+00:00,21,0
Final Inspection Q.C.,1970-02-26 04:40:54.129860+00:00,27,1
Turning & Milling Q.C.,1970-03-04 19:33:04.370317+00:00,21,0
Grinding Rework - Machine 27,1970-03-17 08:49:47.189302+00:00,18,0
Lapping - Machine 1,1970-03-17 10:08:23.950748+00:00,24,0
Turning & Milling Q.C.,1970-03-20 07:23:16.181074+00:00,22,0
Turning & Milling Q.C.,1970-03-20 20:12:35.014230+00:00,22,0
Turning & Milling - Machine 8,1970-03-20 21:22:48.154350+00:00,19,0
Final Inspection Q.C.,1970-03-25 02:34:09.084960+00:00,16,0
Turning & Milling - Machine 6,1970-03-26 09:36:53.620235+00:00,18,0
Grinding Rework - Machine 27,1970-03-31 03:20:05.562504+00:00,19,0
Laser Marking - Machine 7,1970-04-04 08:03:35.301458+00:00,18,0
Packing,1970-04-06 08:38:24.688886+00:00,17,0
Lapping - Machine 1,1970-04-10 21:48:24.272794+00:00,17,0
Round Grinding - Machine 2,1970-04-11 06:02:43.388808+00:00,13,0
Round Grinding - Machine 2,1970-04-11 11:31:17.452677+00:00,20,0
Turning & Milling - Machine 6,1970-02-18 03:43:15.783740+00:00,18,0
Laser Marking - Machine 7,1970-02-18 08:28:36.070809+00:00,15,0
Turning & Milling Q.C.,1970-03-06 16:11:27.142021+00:00,19,0
Turning & Milling Q.C.,1970-03-07 08:00:52.515736+00:00,23,0
Turning & Milling - Machine 5,1970-03-07 22:02:16.868246+00:00,22,0
Turning & Milling - Machine 4,1970-03-07 22:17:15.868721+00:00,18,0
Turning & Milling - Machine 4,1970-03-08 05:35:29.043919+00:00,16,0
Turning & Milling - Machine 6,1970-03-08 11:31:11.741643+00:00,18,0
Turning & Milling - Machine 4,1970-03-08 12:07:22.331834+00:00,19,0
Laser Marking - Machine 7,1970-03-13 08:41:07.328518+00:00,23,0
Packing,1970-03-14 12:07:58.964630+00:00,21,0
Lapping - Machine 1,1970-03-21 01:59:38.481868+00:00,17,0
Lapping - Machine 1,1970-03-22 15:37:18.321695+00:00,16,0
Turning & Milling Q.C.,1970-03-23 18:02:44.717427+00:00,21,0
Turning & Milling - Machine 4,1970-03-23 18:40:38.730548+00:00,24,0
Turning & Milling - Machine 5,1970-03-24 11:18:31.388367+00:00,18,0
Turning & Milling - Machine 4,1970-03-24 15:54:47.256589+00:00,22,0
Round Grinding - Machine 3,1970-03-25 05:49:18.955972+00:00,23,0
Laser Marking - Machine 7,1970-03-26 17:43:33.350252+00:00,25,0
Turning & Milling - Machine 4,1970-03-27 06:19:02.728572+00:00,23,0
Turning & Milling - Machine 4,1970-03-27 08:27:58.128809+00:00,23,0
Turning & Milling Q.C.,1970-03-29 06:22:04.185948+00:00,20,0
Turning & Milling Q.C.,1970-04-03 06:29:09.379532+00:00,19,0
Turning & Milling Q.C.,1970-04-08 00:14:27.678215+00:00,20,0
Turning & Milling Q.C.,1970-04-10 11:06:09.278761+00:00,15,0
Milling Q.C.,1970-02-18 11:49:59.285714+00:00,28,0
Final Inspection Q.C.,1970-02-20 07:59:37.478581+00:00,20,0
Final Inspection Q.C.,1970-02-21 21:17:01.582387+00:00,17,0
Final Inspection Q.C.,1970-02-25 15:55:07.095511+00:00,19,0
Turning & Milling - Machine 6,1970-02-25 19:37:54.900070+00:00,22,0
Turning & Milling Q.C.,1970-02-27 01:01:08.775410+00:00,18,0
Turning & Milling Q.C.,1970-03-01 08:52:48.867805+00:00,20,0
Final Inspection Q.C.,1970-03-01 10:19:37.605769+00:00,21,0
Laser Marking - Machine 7,1970-03-04 10:53:44.213330+00:00,22,0
Final Inspection Q.C.,1970-03-04 20:08:11.609356+00:00,17,0
Lapping - Machine 1,1970-03-08 06:41:34.198247+00:00,28,0
Turning & Milling Q.C.,1970-03-08 09:44:24.090247+00:00,9,0
Lapping - Machine 1,1970-03-16 10:37:15.651387+00:00,21,0
Lapping - Machine 1,1970-03-25 12:10:25.835953+00:00,19,0
Lapping - Machine 1,1970-03-27 07:16:59.911171+00:00,22,0
Lapping - Machine 1,1970-04-03 20:02:55.590115+00:00,26,0
Turning & Milling Q.C.,1970-04-05 02:26:02.059747+00:00,30,0
Lapping - Machine 1,1970-04-07 11:18:53.081117+00:00,22,0
Laser Marking - Machine 7,1970-04-08 07:30:01.477612+00:00,13,0
Round Grinding - Machine 3,1970-04-08 09:34:45.242244+00:00,24,0
Turning & Milling - Machine 8,1970-04-09 08:02:52.852355+00:00,20,0
Turning & Milling - Machine 5,1970-04-09 21:24:40.461520+00:00,16,0
Turning & Milling - Machine 6,1970-04-11 04:28:20.129145+00:00,20,0
Laser Marking - Machine 7,1970-04-12 19:29:42.269985+00:00,26,0
Turning & Milling Q.C.,1970-04-23 22:42:01.672292+00:00,21,0
Turning & Milling - Machine 5,1970-04-26 20:00:25.999307+00:00,23,0
Turning & Milling - Machine 5,1970-04-27 09:08:43.587086+00:00,22,0
Turning & Milling - Machine 6,1970-04-27 18:46:54.581092+00:00,23,0
Final Inspection Q.C.,1970-04-30 17:12:15.966687+00:00,26,0
Turning & Milling - Machine 5,1970-05-01 03:09:59.780366+00:00,20,0
Turning & Milling - Machine 6,1970-05-01 04:47:16.767990+00:00,17,0
Turning Q.C.,1970-02-19 13:54:07.902296+00:00,18,0
Round Grinding - Machine 3,1970-02-21 21:51:16.176397+00:00,18,0
Laser Marking - Machine 7,1970-02-22 06:17:12.820997+00:00,23,0
Grinding Rework - Machine 27,1970-03-01 07:19:24.765134+00:00,21,0
Turning & Milling Q.C.,1970-03-08 05:32:49.443236+00:00,18,0
Round Grinding - Machine 3,1970-03-09 19:10:00.325230+00:00,17,0
Laser Marking - Machine 7,1970-03-11 04:20:33.685696+00:00,27,0
Flat Grinding - Machine 11,1970-03-16 05:48:46.121118+00:00,24,0
Turning Q.C.,1970-03-20 13:00:15.606328+00:00,29,0
Turning & Milling Q.C.,1970-03-22 12:57:12.693850+00:00,25,0
Turning & Milling Q.C.,1970-03-23 08:46:52.760673+00:00,16,0
Turning & Milling - Machine 5,1970-02-19 12:24:41.445952+00:00,28,0
Turning & Milling Q.C.,1970-02-19 23:27:51.077397+00:00,25,0
Round Grinding - Machine 2,1970-02-20 10:37:34.097166+00:00,17,0
Round Grinding - Machine 2,1970-02-20 15:13:10.947844+00:00,18,0
Round Grinding - Machine 3,1970-02-20 21:06:23.513735+00:00,23,0
Laser Marking - Machine 7,1970-02-21 00:30:44.855856+00:00,15,0
Turning & Milling Q.C.,1970-03-05 06:27:21.215501+00:00,14,0
Packing,1970-03-11 06:34:52.208526+00:00,26,0
Packing,1970-03-13 07:57:13.460404+00:00,19,0
Round Grinding - Machine 2,1970-03-13 09:50:39.212374+00:00,16,0
Round Grinding - Machine 2,1970-03-13 16:04:47.470358+00:00,21,0
Round Grinding - Machine 2,1970-03-13 16:52:11.355345+00:00,21,0
Round Grinding - Machine 2,1970-03-14 03:26:29.923335+00:00,15,0
Round Grinding - Machine 2,1970-03-14 12:33:08.491464+00:00,23,0
Turning & Milling - Machine 6,1970-02-21 20:41:40.332129+00:00,26,0
Turning & Milling - Machine 5,1970-02-21 21:38:05.436470+00:00,17,0
Turning & Milling - Machine 8,1970-02-22 03:48:57.355605+00:00,19,0
Turning & Milling - Machine 5,1970-02-22 23:10:20.663189+00:00,20,0
Laser Marking - Machine 7,1970-02-25 07:23:04.011418+00:00,19,0
Final Inspection Q.C.,1970-02-27 17:43:08.658596+00:00,19,0
Final Inspection Q.C.,1970-02-28 21:38:39.169727+00:00,17,0
Turning & Milling - Machine 8,1970-02-28 23:02:00.157388+00:00,16,0
Round Grinding - Machine 12,1970-03-01 00:55:05.815961+00:00,15,0
Round Grinding - Machine 12,1970-03-01 18:05:04.297424+00:00,19,0
Round Grinding - Machine 19,1970-03-02 07:06:16.742433+00:00,18,1
Round Grinding - Machine 19,1970-03-02 16:43:42.712539+00:00,14,0
Round Grinding - Machine 19,1970-03-03 02:38:04.578103+00:00,21,0
Round Grinding - Machine 19,1970-03-03 11:42:35.376716+00:00,11,0
Round Grinding - Machine 3,1970-03-03 21:01:49.207655+00:00,19,0
Round Grinding - Manual,1970-03-04 06:59:38.159063+00:00,23,0
Round Grinding - Machine 2,1970-03-04 22:24:47.498870+00:00,26,0
Round Grinding - Machine 2,1970-03-06 08:11:56.810816+00:00,22,0
Round Grinding - Machine 2,1970-03-06 16:22:50.671920+00:00,15,0
Turning & Milling - Machine 5,1970-03-06 22:16:41.765364+00:00,16,0
Laser Marking - Machine 7,1970-03-06 23:15:25.693941+00:00,21,0
Packing,1970-03-07 02:44:29.350671+00:00,18,0
Lapping - Machine 1,1970-03-09 09:31:10.478225+00:00,13,0
Round Grinding - Machine 3,1970-03-09 21:38:56.383369+00:00,24,0
Lapping - Machine 1,1970-03-18 19:13:41.342019+00:00,17,0
Lapping - Machine 1,1970-03-26 00:13:19.790848+00:00,9,0
Lapping - Machine 1,1970-04-03 23:07:49.988584+00:00,20,0
Turning & Milling - Machine 9,1970-04-04 18:08:25.379079+00:00,22,0
Turning & Milling - Machine 5,1970-04-04 19:41:03.115298+00:00,22,0
Final Inspection Q.C.,1970-04-06 09:36:42.318893+00:00,18,0
Turning - Machine 8,1970-02-20 10:12:27.162873+00:00,20,0
Round Grinding - Machine 3,1970-02-21 09:44:37.139096+00:00,23,0
Laser Marking - Machine 7,1970-02-28 23:46:44.705143+00:00,22,0
Lapping - Machine 1,1970-03-10 17:57:14.694946+00:00,20,0
Turning & Milling - Machine 10,1970-03-10 20:48:08.726159+00:00,21,0
Turning & Milling - Machine 10,1970-03-11 08:41:31.091257+00:00,24,0
Turning & Milling - Machine 10,1970-03-11 13:09:31.546455+00:00,16,0
Turning & Milling - Machine 10,1970-03-12 03:15:42.601312+00:00,26,0
Turning & Milling - Machine 10,1970-03-12 21:00:37.261482+00:00,18,0
Turning & Milling - Machine 10,1970-03-13 14:50:23.961762+00:00,26,0
Turning & Milling - Machine 10,1970-03-13 18:29:19.057687+00:00,17,0
Turning & Milling Q.C.,1970-03-14 05:32:14.960689+00:00,24,0
Turning & Milling - Machine 10,1970-03-14 17:24:51.516071+00:00,18,0
Turning & Milling - Machine 10,1970-03-15 01:24:12.885390+00:00,16,0
Turning & Milling Q.C.,1970-03-18 17:38:29.306280+00:00,21,0
Packing,1970-03-28 22:29:58.352464+00:00,22,0
Packing,1970-04-03 08:31:15.058821+00:00,21,0
Turning & Milling - Machine 5,1970-04-03 21:44:13.016811+00:00,18,0
Round Grinding - Machine 12,1970-04-04 12:16:54.262642+00:00,20,0
Round Grinding - Machine 3,1970-04-05 01:35:35.599232+00:00,15,0
Final Inspection Q.C.,1970-04-07 13:04:11.071052+00:00,20,0
Final Inspection Q.C.,1970-04-12 10:57:15.108912+00:00,26,0
Final Inspection Q.C.,1970-04-13 21:40:56.585930+00:00,17,0
Final Inspection Q.C.,1970-04-20 13:59:20.225687+00:00,18,0
Turning & Milling - Machine 6,1970-02-21 11:50:43.348149+00:00,16,0
Laser Marking - Machine 7,1970-02-23 13:15:13.640139+00:00,21,0
Grinding Rework - Machine 27,1970-02-25 11:29:00.546294+00:00,26,0
Turning & Milling Q.C.,1970-02-26 20:19:50.995265+00:00,23,0
Lapping - Machine 1,1970-03-18 11:57:13.311029+00:00,18,0
Turning & Milling Q.C.,1970-03-21 05:03:56.645128+00:00,19,0
Lapping - Machine 1,1970-03-23 11:31:49.242455+00:00,15,0
Lapping - Machine 1,1970-04-08 10:54:13.634751+00:00,20,0
Turning & Milling Q.C.,1970-04-08 15:45:53.694801+00:00,14,0
Laser Marking - Machine 7,1970-04-10 10:07:12.087915+00:00,22,0
Lapping - Machine 1,1970-04-10 22:57:39.799350+00:00,23,0
Turning & Milling - Machine 5,1970-04-11 15:26:05.985258+00:00,19,0
Round Grinding - Machine 12,1970-04-13 12:31:45.601359+00:00,14,0
Round Grinding - Machine 12,1970-04-14 09:13:53.190509+00:00,23,0
Round Grinding - Machine 3,1970-04-16 13:30:57.448065+00:00,20,0
Grinding Rework - Machine 27,1970-04-16 22:25:05.831241+00:00,28,0
Packing,1970-04-17 22:20:35.869811+00:00,31,0
Lapping - Machine 1,1970-04-17 22:28:25.650843+00:00,13,0
Turning & Milling - Machine 8,1970-04-18 09:59:35.042385+00:00,22,0
Turning & Milling - Machine 5,1970-04-18 12:35:39.365043+00:00,19,0
Turning - Machine 8,1970-04-20 03:56:41.308427+00:00,20,0
Laser Marking - Machine 7,1970-04-20 22:55:14.967788+00:00,17,0
Turning - Machine 8,1970-04-21 08:20:59.811146+00:00,17,0
Turning & Milling - Machine 8,1970-04-21 09:37:47.689209+00:00,15,0
